# Method, Target component, Property, Sub-component, Restriction
PUBLISH,VEVENT,NONE,NONE,ONEPLUS
PUBLISH,VEVENT,DTSTAMP,NONE,ONE
PUBLISH,VEVENT,DTSTART,NONE,ONE
PUBLISH,VEVENT,ORGANIZER,NONE,ONE
PUBLISH,VEVENT,SUMMARY,NONE,ONE
PUBLISH,VEVENT,UID,NONE,ONE
PUBLISH,VEVENT,RECURRENCEID,NONE,ZEROORONE,must_be_recurring
PUBLISH,VEVENT,SEQUENCE,NONE,ZEROORONE
PUBLISH,VEVENT,ATTACH,NONE,ZEROPLUS
PUBLISH,VEVENT,CATEGORIES,NONE,ZEROPLUS #Non-standard
PUBLISH,VEVENT,CLASS,NONE,ZEROORONE
PUBLISH,VEVENT,COMMENT,NONE,ZEROORONE
PUBLISH,VEVENT,CONTACT,NONE,ZEROPLUS
PUBLISH,VEVENT,CREATED,NONE,ZEROORONE
PUBLISH,VEVENT,DESCRIPTION,NONE,ZEROORONE
PUBLISH,VEVENT,DTEND,NONE,ONEEXCLUSIVE,no_duration
PUBLISH,VEVENT,DURATION,NONE,ONEEXCLUSIVE,no_dtend
PUBLISH,VEVENT,EXDATE,NONE,ZEROPLUS
PUBLISH,VEVENT,EXRULE,NONE,ZEROPLUS
PUBLISH,VEVENT,GEO,NONE,ZEROORONE
PUBLISH,VEVENT,LASTMODIFIED,NONE,ZEROORONE
PUBLISH,VEVENT,LOCATION,NONE,ZEROORONE
PUBLISH,VEVENT,PRIORITY,NONE,ZEROORONE
PUBLISH,VEVENT,RDATE,NONE,ZEROPLUS
PUBLISH,VEVENT,RELATEDTO,NONE,ZEROPLUS
PUBLISH,VEVENT,RESOURCES,NONE,ZEROORONE
PUBLISH,VEVENT,RRULE,NONE,ZEROPLUS
PUBLISH,VEVENT,STATUS,NONE,ZEROORONE,may_be_tent_conf_cancel
PUBLISH,VEVENT,TRANSP,NONE,ZEROORONE
PUBLISH,VEVENT,URL,NONE,ZEROORONE
PUBLISH,VEVENT,X,NONE,ZEROPLUS
PUBLISH,VEVENT,ATTENDEE,NONE,ZERO
PUBLISH,VEVENT,REQUESTSTATUS,NONE,ZERO
PUBLISH,VEVENT,NONE,VALARM,ZEROPLUS
PUBLISH,VEVENT,NONE,VFREEBUSY,ZERO
PUBLISH,VEVENT,NONE,VJOURNAL,ZERO
PUBLISH,VEVENT,NONE,VTODO,ZERO
PUBLISH,VEVENT,NONE,VTIMEZONE,ZEROPLUS,must_if_tz_ref
PUBLISH,VEVENT,NONE,X,ZEROPLUS
PUBLISH,VEVENT,RELCALID,NONE,ZEROORONE
REQUEST,VEVENT,NONE,NONE,ONEPLUS
REQUEST,VEVENT,ATTENDEE,NONE,ONEPLUS
REQUEST,VEVENT,DTSTAMP,NONE,ONE
REQUEST,VEVENT,DTSTART,NONE,ONE
REQUEST,VEVENT,ORGANIZER,NONE,ONE
REQUEST,VEVENT,SEQUENCE,NONE,ZEROORONE
REQUEST,VEVENT,SUMMARY,NONE,ONE
REQUEST,VEVENT,UID,NONE,ONE
REQUEST,VEVENT,ATTACH,NONE,ZEROPLUS
REQUEST,VEVENT,CATEGORIES,NONE,ZEROPLUS #Non-standard
REQUEST,VEVENT,CLASS,NONE,ZEROORONE
REQUEST,VEVENT,COMMENT,NONE,ZEROORONE
REQUEST,VEVENT,CONTACT,NONE,ZEROPLUS
REQUEST,VEVENT,CREATED,NONE,ZEROORONE
REQUEST,VEVENT,DESCRIPTION,NONE,ZEROORONE
REQUEST,VEVENT,DTEND,NONE,ONEEXCLUSIVE,no_duration
REQUEST,VEVENT,DURATION,NONE,ONEEXCLUSIVE,no_dtend
REQUEST,VEVENT,EXDATE,NONE,ZEROPLUS
REQUEST,VEVENT,EXRULE,NONE,ZEROPLUS
REQUEST,VEVENT,GEO,NONE,ZEROORONE
REQUEST,VEVENT,LASTMODIFIED,NONE,ZEROORONE
REQUEST,VEVENT,LOCATION,NONE,ZEROORONE
REQUEST,VEVENT,PRIORITY,NONE,ZEROORONE
REQUEST,VEVENT,RDATE,NONE,ZEROPLUS
REQUEST,VEVENT,RECURRENCEID,NONE,ZEROORONE,must_be_recurring
REQUEST,VEVENT,RELATEDTO,NONE,ZEROPLUS
REQUEST,VEVENT,REQUESTSTATUS,NONE,ZEROPLUS
REQUEST,VEVENT,RESOURCES,NONE,ZEROORONE
REQUEST,VEVENT,RRULE,NONE,ZEROPLUS
REQUEST,VEVENT,STATUS,NONE,ZEROORONE,may_be_tent_conf
REQUEST,VEVENT,TRANSP,NONE,ZEROORONE
REQUEST,VEVENT,URL,NONE,ZEROORONE
REQUEST,VEVENT,X,NONE,ZEROPLUS
REQUEST,VEVENT,NONE,VALARM,ZEROPLUS
REQUEST,VEVENT,NONE,VTIMEZONE,ZEROPLUS,must_if_tz_ref
REQUEST,VEVENT,NONE,X,ZEROPLUS
REQUEST,VEVENT,NONE,VFREEBUSY,ZERO
REQUEST,VEVENT,NONE,VJOURNAL,ZERO
REQUEST,VEVENT,NONE,VTODO,ZERO
REQUEST,VEVENT,RELCALID,NONE,ZEROORONE
REPLY,VEVENT,NONE,NONE,ONEPLUS
REPLY,VEVENT,ATTENDEE,NONE,ONE
REPLY,VEVENT,DTSTAMP,NONE,ONE
REPLY,VEVENT,ORGANIZER,NONE,ONE
REPLY,VEVENT,RECURRENCEID,NONE,ZEROORONE,must_be_recurring
REPLY,VEVENT,UID,NONE,ONE
REPLY,VEVENT,SEQUENCE,NONE,ZEROORONE
REPLY,VEVENT,ATTACH,NONE,ZEROPLUS
REPLY,VEVENT,CATEGORIES,NONE,ZEROPLUS #Non-standard
REPLY,VEVENT,CLASS,NONE,ZEROORONE
REPLY,VEVENT,COMMENT,NONE,ZEROORONE
REPLY,VEVENT,CONTACT,NONE,ZEROPLUS
REPLY,VEVENT,CREATED,NONE,ZEROORONE
REPLY,VEVENT,DESCRIPTION,NONE,ZEROORONE
REPLY,VEVENT,DTEND,NONE,ONEEXCLUSIVE,no_duration
REPLY,VEVENT,DTSTART,NONE,ZEROORONE
REPLY,VEVENT,DURATION,NONE,ONEEXCLUSIVE,no_dtend
REPLY,VEVENT,EXDATE,NONE,ZEROPLUS
REPLY,VEVENT,EXRULE,NONE,ZEROPLUS
REPLY,VEVENT,GEO,NONE,ZEROORONE
REPLY,VEVENT,LASTMODIFIED,NONE,ZEROORONE
REPLY,VEVENT,LOCATION,NONE,ZEROORONE
REPLY,VEVENT,PRIORITY,NONE,ZEROORONE
REPLY,VEVENT,RDATE,NONE,ZEROPLUS
REPLY,VEVENT,RELATEDTO,NONE,ZEROPLUS
REPLY,VEVENT,RESOURCES,NONE,ZEROORONE
REPLY,VEVENT,REQUESTSTATUS,NONE,ZEROPLUS
REPLY,VEVENT,RRULE,NONE,ZEROPLUS
REPLY,VEVENT,STATUS,NONE,ZEROORONE
REPLY,VEVENT,SUMMARY,NONE,ZEROORONE
REPLY,VEVENT,TRANSP,NONE,ZEROORONE
REPLY,VEVENT,URL,NONE,ZEROORONE
REPLY,VEVENT,X,NONE,ZEROPLUS
REPLY,VEVENT,NONE,VTIMEZONE,ZEROORONE,must_if_tz_ref
REPLY,VEVENT,NONE,X,ZEROPLUS
REPLY,VEVENT,NONE,VALARM,ZERO
REPLY,VEVENT,NONE,VFREEBUSY,ZERO
REPLY,VEVENT,NONE,VJOURNAL,ZERO
REPLY,VEVENT,NONE,VTODO,ZERO
REPLY,VEVENT,RELCALID,NONE,ZEROORONE
ADD,VEVENT,NONE,NONE,ONE
ADD,VEVENT,DTSTAMP,NONE,ONE
ADD,VEVENT,DTSTART,NONE,ONE
ADD,VEVENT,ORGANIZER,NONE,ONE
ADD,VEVENT,SEQUENCE,NONE,ONE
ADD,VEVENT,SUMMARY,NONE,ONE
ADD,VEVENT,UID,NONE,ONE
ADD,VEVENT,ATTACH,NONE,ZEROPLUS
ADD,VEVENT,ATTENDEE,NONE,ZEROPLUS
ADD,VEVENT,CATEGORIES,NONE,ZEROPLUS #Non-standard
ADD,VEVENT,CLASS,NONE,ZEROORONE
ADD,VEVENT,COMMENT,NONE,ZEROORONE
ADD,VEVENT,CONTACT,NONE,ZEROPLUS
ADD,VEVENT,CREATED,NONE,ZEROORONE
ADD,VEVENT,DESCRIPTION,NONE,ZEROORONE
ADD,VEVENT,DTEND,NONE,ONEEXCLUSIVE,no_duration
ADD,VEVENT,DURATION,NONE,ONEEXCLUSIVE,no_dtend
ADD,VEVENT,EXDATE,NONE,ZEROPLUS
ADD,VEVENT,EXRULE,NONE,ZEROPLUS
ADD,VEVENT,GEO,NONE,ZEROORONE
ADD,VEVENT,LASTMODIFIED,NONE,ZEROORONE
ADD,VEVENT,LOCATION,NONE,ZEROORONE
ADD,VEVENT,PRIORITY,NONE,ZEROORONE
ADD,VEVENT,RDATE,NONE,ZEROPLUS
ADD,VEVENT,RELATEDTO,NONE,ZEROPLUS
ADD,VEVENT,RESOURCES,NONE,ZEROORONE
ADD,VEVENT,RRULE,NONE,ZEROPLUS
ADD,VEVENT,STATUS,NONE,ZEROORONE,may_be_tent_conf
ADD,VEVENT,TRANSP,NONE,ZEROORONE
ADD,VEVENT,URL,NONE,ZEROORONE
ADD,VEVENT,X,NONE,ZEROPLUS
ADD,VEVENT,RECURRENCEID,NONE,ZERO,must_be_recurring
ADD,VEVENT,REQUESTSTATUS,NONE,ZERO
ADD,VEVENT,NONE,VALARM,ZEROPLUS
ADD,VEVENT,NONE,VTIMEZONE,ZEROPLUS,must_if_tz_ref
ADD,VEVENT,NONE,X,ZEROPLUS
ADD,VEVENT,NONE,VFREEBUSY,ZERO
ADD,VEVENT,NONE,VTODO,ZERO
ADD,VEVENT,NONE,VJOURNAL,ZERO
ADD,VEVENT,RELCALID,NONE,ZEROORONE
CANCEL,VEVENT,NONE,NONE,ONEPLUS
CANCEL,VEVENT,ATTENDEE,NONE,ZEROPLUS
CANCEL,VEVENT,DTSTAMP,NONE,ONE
CANCEL,VEVENT,ORGANIZER,NONE,ONE
CANCEL,VEVENT,SEQUENCE,NONE,ONE
CANCEL,VEVENT,UID,NONE,ONE
CANCEL,VEVENT,COMMENT,NONE,ZEROORONE
CANCEL,VEVENT,ATTACH,NONE,ZEROPLUS
CANCEL,VEVENT,CATEGORIES,NONE,ZEROPLUS #Non-standard
CANCEL,VEVENT,CLASS,NONE,ZEROORONE
CANCEL,VEVENT,CONTACT,NONE,ZEROPLUS
CANCEL,VEVENT,CREATED,NONE,ZEROORONE
CANCEL,VEVENT,DESCRIPTION,NONE,ZEROORONE
CANCEL,VEVENT,DTEND,NONE,ONEEXCLUSIVE ,no_duration
CANCEL,VEVENT,DTSTART,NONE,ZEROORONE
CANCEL,VEVENT,DURATION,NONE,ONEEXCLUSIVE,no_dtend
CANCEL,VEVENT,EXDATE,NONE,ZEROPLUS
CANCEL,VEVENT,EXRULE,NONE,ZEROPLUS
CANCEL,VEVENT,GEO,NONE,ZEROORONE
CANCEL,VEVENT,LASTMODIFIED,NONE,ZEROORONE
CANCEL,VEVENT,LOCATION,NONE,ZEROORONE
CANCEL,VEVENT,PRIORITY,NONE,ZEROORONE
CANCEL,VEVENT,RDATE,NONE,ZEROPLUS
CANCEL,VEVENT,RECURRENCEID,NONE,ZEROORONE,must_be_recurring
CANCEL,VEVENT,RELATEDTO,NONE,ZEROPLUS
CANCEL,VEVENT,RESOURCES,NONE,ZEROORONE
CANCEL,VEVENT,RRULE,NONE,ZEROPLUS
CANCEL,VEVENT,STATUS,NONE,ZEROORONE,must_be_canceled_no_attendee
CANCEL,VEVENT,SUMMARY,NONE,ZEROORONE
CANCEL,VEVENT,TRANSP,NONE,ZEROORONE
CANCEL,VEVENT,URL,NONE,ZEROORONE
CANCEL,VEVENT,X,NONE,ZEROPLUS
CANCEL,VEVENT,REQUESTSTATUS,NONE,ZERO
CANCEL,VEVENT,NONE,VTIMEZONE,ZEROPLUS,must_if_tz_ref
CANCEL,VEVENT,NONE,X,ZEROPLUS
CANCEL,VEVENT,NONE,VTODO,ZERO
CANCEL,VEVENT,NONE,VJOURNAL,ZERO
CANCEL,VEVENT,NONE,VFREEBUSY,ZERO
CANCEL,VEVENT,NONE,VALARM,ZERO
CANCEL,VEVENT,RELCALID,NONE,ZEROORONE
REFRESH,VEVENT,NONE,NONE,ONE
REFRESH,VEVENT,ATTENDEE,NONE,ONE
REFRESH,VEVENT,DTSTAMP,NONE,ONE
REFRESH,VEVENT,ORGANIZER,NONE,ONE
REFRESH,VEVENT,UID,NONE,ONE
REFRESH,VEVENT,COMMENT,NONE,ZEROORONE
REFRESH,VEVENT,RECURRENCEID,NONE,ZEROORONE,must_be_recurring
REFRESH,VEVENT,X,NONE,ZEROPLUS
REFRESH,VEVENT,ATTACH,NONE,ZERO
REFRESH,VEVENT,CATEGORIES,NONE,ZERO
REFRESH,VEVENT,CLASS,NONE,ZERO
REFRESH,VEVENT,CONTACT,NONE,ZERO
REFRESH,VEVENT,CREATED,NONE,ZERO
REFRESH,VEVENT,DESCRIPTION,NONE,ZERO
REFRESH,VEVENT,DTEND,NONE,ZERO
REFRESH,VEVENT,DTSTART,NONE,ZERO
REFRESH,VEVENT,DURATION,NONE,ZERO
REFRESH,VEVENT,EXDATE,NONE,ZERO
REFRESH,VEVENT,EXRULE,NONE,ZERO
REFRESH,VEVENT,GEO,NONE,ZERO
REFRESH,VEVENT,LASTMODIFIED,NONE,ZERO
REFRESH,VEVENT,LOCATION,NONE,ZERO
REFRESH,VEVENT,PRIORITY,NONE,ZERO
REFRESH,VEVENT,RDATE,NONE,ZERO
REFRESH,VEVENT,RELATEDTO,NONE,ZERO
REFRESH,VEVENT,REQUESTSTATUS,NONE,ZERO
REFRESH,VEVENT,RESOURCES,NONE,ZERO
REFRESH,VEVENT,RRULE,NONE,ZERO
REFRESH,VEVENT,SEQUENCE,NONE,ZERO
REFRESH,VEVENT,STATUS,NONE,ZERO
REFRESH,VEVENT,SUMMARY,NONE,ZERO
REFRESH,VEVENT,TRANSP,NONE,ZERO
REFRESH,VEVENT,URL,NONE,ZERO
REFRESH,VEVENT,NONE,X,ZEROPLUS
REFRESH,VEVENT,NONE,VTODO,ZERO
REFRESH,VEVENT,NONE,VJOURNAL,ZERO
REFRESH,VEVENT,NONE,VFREEBUSY,ZERO
REFRESH,VEVENT,NONE,VTIMEZONE,ZERO,must_if_tz_ref
REFRESH,VEVENT,NONE,VALARM,ZERO
REFRESH,VEVENT,RELCALID,NONE,ZEROORONE
COUNTER,VEVENT,NONE,NONE,ONE
COUNTER,VEVENT,DTSTAMP,NONE,ONE
COUNTER,VEVENT,DTSTART,NONE,ONE
COUNTER,VEVENT,ORGANIZER,NONE,ONE
COUNTER,VEVENT,SEQUENCE,NONE,ONE
COUNTER,VEVENT,SUMMARY,NONE,ONE
COUNTER,VEVENT,UID,NONE,ONE
COUNTER,VEVENT,ATTACH,NONE,ZEROPLUS
COUNTER,VEVENT,ATTENDEE,NONE,ZEROPLUS
COUNTER,VEVENT,CATEGORIES,NONE,ZEROPLUS #Non-standard
COUNTER,VEVENT,CLASS,NONE,ZEROORONE
COUNTER,VEVENT,COMMENT,NONE,ZEROORONE
COUNTER,VEVENT,CONTACT,NONE,ZEROPLUS
COUNTER,VEVENT,CREATED,NONE,ZEROORONE
COUNTER,VEVENT,DESCRIPTION,NONE,ZEROORONE
COUNTER,VEVENT,DTEND,NONE,ONEEXCLUSIVE,no_duration
COUNTER,VEVENT,DURATION,NONE,ONEEXCLUSIVE,no_dtend
COUNTER,VEVENT,EXDATE,NONE,ZEROPLUS
COUNTER,VEVENT,EXRULE,NONE,ZEROPLUS
COUNTER,VEVENT,GEO,NONE,ZEROORONE
COUNTER,VEVENT,LASTMODIFIED,NONE,ZEROORONE
COUNTER,VEVENT,LOCATION,NONE,ZEROORONE
COUNTER,VEVENT,PRIORITY,NONE,ZEROORONE
COUNTER,VEVENT,RDATE,NONE,ZEROPLUS
COUNTER,VEVENT,RECURRENCEID,NONE,ZEROORONE,must_be_recurring
COUNTER,VEVENT,RELATEDTO,NONE,ZEROPLUS
COUNTER,VEVENT,REQUESTSTATUS,NONE,ZEROPLUS
COUNTER,VEVENT,RESOURCES,NONE,ZEROORONE
COUNTER,VEVENT,RRULE,NONE,ZEROPLUS
COUNTER,VEVENT,STATUS,NONE,ZEROORONE,may_be_tent_conf_cancel
COUNTER,VEVENT,TRANSP,NONE,ZEROORONE
COUNTER,VEVENT,URL,NONE,ZEROORONE
COUNTER,VEVENT,X,NONE,ZEROPLUS
COUNTER,VEVENT,NONE,VALARM,ZEROPLUS
COUNTER,VEVENT,NONE,VTIMEZONE,ZEROPLUS,must_if_tz_ref
COUNTER,VEVENT,NONE,X,ZEROPLUS
COUNTER,VEVENT,NONE,VTODO,ZERO
COUNTER,VEVENT,NONE,VJOURNAL,ZERO
COUNTER,VEVENT,NONE,VFREEBUSY,ZERO
COUNTER,VEVENT,RELCALID,NONE,ZEROORONE
DECLINECOUNTER,VEVENT,NONE,NONE,ONE
DECLINECOUNTER,VEVENT,DTSTAMP,NONE,ONE
DECLINECOUNTER,VEVENT,ORGANIZER,NONE,ONE
DECLINECOUNTER,VEVENT,UID,NONE,ONE
DECLINECOUNTER,VEVENT,COMMENT,NONE,ZEROORONE
DECLINECOUNTER,VEVENT,RECURRENCEID,NONE,ZEROORONE,must_be_recurring
DECLINECOUNTER,VEVENT,REQUESTSTATUS,NONE,ZEROPLUS
DECLINECOUNTER,VEVENT,SEQUENCE,NONE,ZERO
DECLINECOUNTER,VEVENT,X,NONE,ZEROPLUS
DECLINECOUNTER,VEVENT,ATTACH,NONE,ZERO
DECLINECOUNTER,VEVENT,ATTENDEE,NONE,ZERO
DECLINECOUNTER,VEVENT,CATEGORIES,NONE,ZERO
DECLINECOUNTER,VEVENT,CLASS,NONE,ZERO
DECLINECOUNTER,VEVENT,CONTACT,NONE,ZERO
DECLINECOUNTER,VEVENT,CREATED,NONE,ZERO
DECLINECOUNTER,VEVENT,DESCRIPTION,NONE,ZERO
DECLINECOUNTER,VEVENT,DTEND,NONE,ZERO
DECLINECOUNTER,VEVENT,DTSTART,NONE,ZERO
DECLINECOUNTER,VEVENT,DURATION,NONE,ZERO
DECLINECOUNTER,VEVENT,EXDATE,NONE,ZERO
DECLINECOUNTER,VEVENT,EXRULE,NONE,ZERO
DECLINECOUNTER,VEVENT,GEO,NONE,ZERO
DECLINECOUNTER,VEVENT,LASTMODIFIED,NONE,ZERO
DECLINECOUNTER,VEVENT,LOCATION,NONE,ZERO
DECLINECOUNTER,VEVENT,PRIORITY,NONE,ZERO
DECLINECOUNTER,VEVENT,RDATE,NONE,ZERO
DECLINECOUNTER,VEVENT,RELATEDTO,NONE,ZERO
DECLINECOUNTER,VEVENT,RESOURCES,NONE,ZERO
DECLINECOUNTER,VEVENT,RRULE,NONE,ZERO
DECLINECOUNTER,VEVENT,STATUS,NONE,ZERO
DECLINECOUNTER,VEVENT,SUMMARY,NONE,ZERO
DECLINECOUNTER,VEVENT,TRANSP,NONE,ZERO
DECLINECOUNTER,VEVENT,URL,NONE,ZERO
DECLINECOUNTER,VEVENT,NONE,X,ZEROPLUS
DECLINECOUNTER,VEVENT,NONE,VTODO,ZERO
DECLINECOUNTER,VEVENT,NONE,VJOURNAL,ZERO
DECLINECOUNTER,VEVENT,NONE,VFREEBUSY,ZERO
DECLINECOUNTER,VEVENT,NONE,VTIMEZONE,ZERO,must_if_tz_ref
DECLINECOUNTER,VEVENT,NONE,VALARM,ZERO
DECLINECOUNTER,VEVENT,RELCALID,NONE,ZEROORONE
PUBLISH,VFREEBUSY,NONE,NONE,ONEPLUS
PUBLISH,VFREEBUSY,DTSTAMP,NONE,ONE
PUBLISH,VFREEBUSY,DTSTART,NONE,ONE
PUBLISH,VFREEBUSY,DTEND,NONE,ONE
PUBLISH,VFREEBUSY,FREEBUSY,NONE,ZEROPLUS
PUBLISH,VFREEBUSY,ORGANIZER,NONE,ONE
PUBLISH,VFREEBUSY,COMMENT,NONE,ZEROPLUS
PUBLISH,VFREEBUSY,CONTACT,NONE,ZEROORONE
PUBLISH,VFREEBUSY,X,NONE,ZEROPLUS
PUBLISH,VFREEBUSY,URL,NONE,ZEROORONE
PUBLISH,VFREEBUSY,ATTENDEE,NONE,ZERO
PUBLISH,VFREEBUSY,DURATION,NONE,ZERO
PUBLISH,VFREEBUSY,REQUESTSTATUS,NONE,ZERO
PUBLISH,VFREEBUSY,UID,NONE,ONE
PUBLISH,VFREEBUSY,NONE,X,ZEROPLUS
PUBLISH,VFREEBUSY,NONE,VEVENT,ZERO
PUBLISH,VFREEBUSY,NONE,VTODO,ZERO
PUBLISH,VFREEBUSY,NONE,VJOURNAL,ZERO
PUBLISH,VFREEBUSY,NONE,VTIMEZONE,ZERO,must_if_tz_ref
PUBLISH,VFREEBUSY,NONE,VALARM,ZERO
REQUEST,VFREEBUSY,NONE,NONE,ONE
REQUEST,VFREEBUSY,ATTENDEE,NONE,ONEPLUS
REQUEST,VFREEBUSY,DTEND,NONE,ONE
REQUEST,VFREEBUSY,DTSTAMP,NONE,ONE
REQUEST,VFREEBUSY,DTSTART,NONE,ONE
REQUEST,VFREEBUSY,ORGANIZER,NONE,ONE
REQUEST,VFREEBUSY,UID,NONE,ONE
REQUEST,VFREEBUSY,COMMENT,NONE,ZEROPLUS
REQUEST,VFREEBUSY,CONTACT,NONE,ZEROORONE
REQUEST,VFREEBUSY,X,NONE,ZEROPLUS
REQUEST,VFREEBUSY,FREEBUSY,NONE,ZERO
REQUEST,VFREEBUSY,DURATION,NONE,ZERO
REQUEST,VFREEBUSY,REQUESTSTATUS,NONE,ZERO
REQUEST,VFREEBUSY,URL,NONE,ZERO
REQUEST,VFREEBUSY,NONE,X,ZEROPLUS
REQUEST,VFREEBUSY,NONE,VALARM,ZERO
REQUEST,VFREEBUSY,NONE,VEVENT,ZERO
REQUEST,VFREEBUSY,NONE,VTODO,ZERO
REQUEST,VFREEBUSY,NONE,VJOURNAL,ZERO
REQUEST,VFREEBUSY,NONE,VTIMEZONE,ZERO
REPLY,VFREEBUSY,NONE,NONE,ONE
REPLY,VFREEBUSY,ATTENDEE,NONE,ONE
REPLY,VFREEBUSY,DTSTAMP,NONE,ONE
REPLY,VFREEBUSY,DTEND,NONE,ONE
REPLY,VFREEBUSY,DTSTART,NONE,ONE
REPLY,VFREEBUSY,FREEBUSY,NONE,ZEROPLUS
REPLY,VFREEBUSY,ORGANIZER,NONE,ONE
REPLY,VFREEBUSY,UID,NONE,ONE
REPLY,VFREEBUSY,COMMENT,NONE,ZEROPLUS
REPLY,VFREEBUSY,CONTACT,NONE,ZEROORONE
REPLY,VFREEBUSY,REQUESTSTATUS,NONE,ZEROPLUS
REPLY,VFREEBUSY,URL,NONE,ZEROORONE
REPLY,VFREEBUSY,X,NONE,ZEROPLUS
REPLY,VFREEBUSY,DURATION,NONE,ZERO
REPLY,VFREEBUSY,SEQUENCE,NONE,ZERO
REPLY,VFREEBUSY,NONE,X,ZEROPLUS
REPLY,VFREEBUSY,NONE,VALARM,ZERO
REPLY,VFREEBUSY,NONE,VEVENT,ZERO
REPLY,VFREEBUSY,NONE,VTODO,ZERO
REPLY,VFREEBUSY,NONE,VJOURNAL,ZERO
REPLY,VFREEBUSY,NONE,VTIMEZONE,ZERO
PUBLISH,VTODO,NONE,NONE,ONEPLUS
PUBLISH,VTODO,DTSTAMP,NONE,ONE
PUBLISH,VTODO,DTSTART,NONE,ONE
PUBLISH,VTODO,ORGANIZER,NONE,ONE
PUBLISH,VTODO,PRIORITY,NONE,ONE
PUBLISH,VTODO,SEQUENCE,NONE,ZEROORONE
PUBLISH,VTODO,SUMMARY,NONE,ONE
PUBLISH,VTODO,UID,NONE,ONE
PUBLISH,VTODO,ATTACH,NONE,ZEROPLUS
PUBLISH,VTODO,CATEGORIES,NONE,ZEROPLUS #Non-Standard
PUBLISH,VTODO,CLASS,NONE,ZEROORONE
PUBLISH,VTODO,COMMENT,NONE,ZEROORONE
PUBLISH,VTODO,CONTACT,NONE,ZEROPLUS
PUBLISH,VTODO,CREATED,NONE,ZEROORONE
PUBLISH,VTODO,DESCRIPTION,NONE,ZEROORONE
PUBLISH,VTODO,DUE,NONE,ZEROORONE
PUBLISH,VTODO,DURATION,NONE,ZEROORONE
PUBLISH,VTODO,EXDATE,NONE,ZEROPLUS
PUBLISH,VTODO,EXRULE,NONE,ZEROPLUS
PUBLISH,VTODO,GEO,NONE,ZEROORONE
PUBLISH,VTODO,LASTMODIFIED,NONE,ZEROORONE
PUBLISH,VTODO,LOCATION,NONE,ZEROORONE
PUBLISH,VTODO,PERCENTCOMPLETE,NONE,ZEROORONE
PUBLISH,VTODO,RDATE,NONE,ZEROPLUS
PUBLISH,VTODO,RECURRENCEID,NONE,ZEROORONE,must_be_recurring
PUBLISH,VTODO,RELATEDTO,NONE,ZEROPLUS
PUBLISH,VTODO,RESOURCES,NONE,ZEROORONE
PUBLISH,VTODO,RRULE,NONE,ZEROPLUS
PUBLISH,VTODO,STATUS,NONE,ZEROORONE
PUBLISH,VTODO,URL,NONE,ZEROORONE
PUBLISH,VTODO,X,NONE,ZEROPLUS
PUBLISH,VTODO,ATTENDEE,NONE,ZERO
PUBLISH,VTODO,REQUESTSTATUS,NONE,ZERO
PUBLISH,VTODO,NONE,VTIMEZONE,ZEROPLUS
PUBLISH,VTODO,NONE,VALARM,ZEROPLUS
PUBLISH,VTODO,NONE,X,ZEROPLUS
PUBLISH,VTODO,NONE,VFREEBUSY,ZERO
PUBLISH,VTODO,NONE,VEVENT,ZERO
PUBLISH,VTODO,NONE,VJOURNAL,ZERO
PUBLISH,VTODO,RELCALID,NONE,ZEROORONE
REQUEST,VTODO,NONE,NONE,ONEPLUS
REQUEST,VTODO,ATTENDEE,NONE,ONEPLUS
REQUEST,VTODO,DTSTAMP,NONE,ONE
REQUEST,VTODO,DTSTART,NONE,ONE
REQUEST,VTODO,ORGANIZER,NONE,ONE
REQUEST,VTODO,PRIORITY,NONE,ONE
REQUEST,VTODO,SEQUENCE,NONE,ZEROORONE
REQUEST,VTODO,SUMMARY,NONE,ONE
REQUEST,VTODO,UID,NONE,ONE
REQUEST,VTODO,ATTACH,NONE,ZEROPLUS
REQUEST,VTODO,CATEGORIES,NONE,ZEROPLUS #Non-Standard
REQUEST,VTODO,CLASS,NONE,ZEROORONE
REQUEST,VTODO,COMMENT,NONE,ZEROORONE
REQUEST,VTODO,CONTACT,NONE,ZEROPLUS
REQUEST,VTODO,CREATED,NONE,ZEROORONE
REQUEST,VTODO,DESCRIPTION,NONE,ZEROORONE
REQUEST,VTODO,DUE,NONE,ZEROORONE
REQUEST,VTODO,DURATION,NONE,ZEROORONE
REQUEST,VTODO,EXDATE,NONE,ZEROPLUS
REQUEST,VTODO,EXRULE,NONE,ZEROPLUS
REQUEST,VTODO,GEO,NONE,ZEROORONE
REQUEST,VTODO,LASTMODIFIED,NONE,ZEROORONE
REQUEST,VTODO,LOCATION,NONE,ZEROORONE
REQUEST,VTODO,PERCENTCOMPLETE,NONE,ZEROORONE
REQUEST,VTODO,RDATE,NONE,ZEROPLUS
REQUEST,VTODO,RECURRENCEID,NONE,ZEROORONE,must_be_recurring
REQUEST,VTODO,RELATEDTO,NONE,ZEROPLUS
REQUEST,VTODO,RESOURCES,NONE,ZEROORONE
REQUEST,VTODO,RRULE,NONE,ZEROPLUS
REQUEST,VTODO,STATUS,NONE,ZEROORONE,may_be_comp_need_process
REQUEST,VTODO,URL,NONE,ZEROORONE
REQUEST,VTODO,X,NONE,ZEROPLUS
REQUEST,VTODO,REQUESTSTATUS,NONE,ZERO
REQUEST,VTODO,NONE,VALARM,ZEROPLUS
REQUEST,VTODO,NONE,VTIMEZONE,ZEROPLUS
REQUEST,VTODO,NONE,X,ZEROPLUS
REQUEST,VTODO,NONE,VEVENT,ZERO
REQUEST,VTODO,NONE,VFREEBUSY,ZERO
REQUEST,VTODO,NONE,VJOURNAL,ZERO
REQUEST,VTODO,RELCALID,NONE,ZEROORONE
REPLY,VTODO,NONE,NONE,ONEPLUS
REPLY,VTODO,ATTENDEE,NONE,ONEPLUS
REPLY,VTODO,DTSTAMP,NONE,ONE
REPLY,VTODO,ORGANIZER,NONE,ONE
REPLY,VTODO,REQUESTSTATUS,NONE,ONEPLUS
REPLY,VTODO,UID,NONE,ONE
REPLY,VTODO,ATTACH,NONE,ZEROPLUS
REPLY,VTODO,CATEGORIES,NONE,ZEROPLUS #Non-Standard
REPLY,VTODO,CLASS,NONE,ZEROORONE
REPLY,VTODO,COMMENT,NONE,ZEROORONE
REPLY,VTODO,CONTACT,NONE,ZEROPLUS
REPLY,VTODO,CREATED,NONE,ZEROORONE
REPLY,VTODO,DESCRIPTION,NONE,ZEROORONE
REPLY,VTODO,DTSTART,NONE,ZEROORONE
REPLY,VTODO,DUE,NONE,ZEROORONE
REPLY,VTODO,DURATION,NONE,ZEROORONE
REPLY,VTODO,EXDATE,NONE,ZEROPLUS
REPLY,VTODO,EXRULE,NONE,ZEROPLUS
REPLY,VTODO,GEO,NONE,ZEROORONE
REPLY,VTODO,LASTMODIFIED,NONE,ZEROORONE
REPLY,VTODO,LOCATION,NONE,ZEROORONE
REPLY,VTODO,PERCENTCOMPLETE,NONE,ZEROORONE
REPLY,VTODO,PRIORITY,NONE,ZEROORONE
REPLY,VTODO,RDATE,NONE,ZEROPLUS
REPLY,VTODO,RELATEDTO,NONE,ZEROPLUS
REPLY,VTODO,RESOURCES,NONE,ZEROORONE
REPLY,VTODO,RRULE,NONE,ZEROPLUS
REPLY,VTODO,RECURRENCEID,NONE,ZEROORONE,must_be_recurring
REPLY,VTODO,SEQUENCE,NONE,ZEROORONE
REPLY,VTODO,STATUS,NONE,ZEROORONE
REPLY,VTODO,SUMMARY,NONE,ZEROORONE
REPLY,VTODO,URL,NONE,ZEROORONE
REPLY,VTODO,X,NONE,ZEROPLUS
REPLY,VTODO,NONE,VTIMEZONE,ZEROORONE
REPLY,VTODO,NONE,X,ZEROPLUS
REPLY,VTODO,NONE,VALARM,ZERO
REPLY,VTODO,NONE,VEVENT,ZERO
REPLY,VTODO,NONE,VFREEBUSY,ZERO
REPLY,VTODO,RELCALID,NONE,ZEROORONE
ADD,VTODO,NONE,NONE,ONE
ADD,VTODO,DTSTAMP,NONE,ONE
ADD,VTODO,ORGANIZER,NONE,ONE
ADD,VTODO,PRIORITY,NONE,ONE
ADD,VTODO,SEQUENCE,NONE,ONE
ADD,VTODO,SUMMARY,NONE,ONE
ADD,VTODO,UID,NONE,ONE
ADD,VTODO,ATTACH,NONE,ZEROPLUS
ADD,VTODO,ATTENDEE,NONE,ZEROPLUS
ADD,VTODO,CATEGORIES,NONE,ZEROPLUS
ADD,VTODO,CLASS,NONE,ZEROORONE
ADD,VTODO,COMMENT,NONE,ZEROORONE
ADD,VTODO,CONTACT,NONE,ZEROPLUS
ADD,VTODO,CREATED,NONE,ZEROORONE
ADD,VTODO,DESCRIPTION,NONE,ZEROORONE
ADD,VTODO,DTSTART,NONE,ZEROORONE
ADD,VTODO,DUE,NONE,ZEROORONE
ADD,VTODO,DURATION,NONE,ZEROORONE
ADD,VTODO,EXDATE,NONE,ZEROPLUS
ADD,VTODO,EXRULE,NONE,ZEROPLUS
ADD,VTODO,GEO,NONE,ZEROORONE
ADD,VTODO,LASTMODIFIED,NONE,ZEROORONE
ADD,VTODO,LOCATION,NONE,ZEROORONE
ADD,VTODO,PERCENTCOMPLETE,NONE,ZEROORONE
ADD,VTODO,RDATE,NONE,ZEROPLUS
ADD,VTODO,RELATEDTO,NONE,ZEROPLUS
ADD,VTODO,RESOURCES,NONE,ZEROORONE
ADD,VTODO,RRULE,NONE,ZEROPLUS
ADD,VTODO,STATUS,NONE,ZEROORONE,may_be_comp_need_process
ADD,VTODO,URL,NONE,ZEROORONE
ADD,VTODO,X,NONE,ZEROPLUS
ADD,VTODO,RECURRENCEID,NONE,ZERO,must_be_recurring
ADD,VTODO,REQUESTSTATUS,NONE,ZERO
ADD,VTODO,NONE,VALARM,ZEROPLUS
ADD,VTODO,NONE,VTIMEZONE,ZEROPLUS
ADD,VTODO,NONE,X,ZEROPLUS
ADD,VTODO,NONE,VEVENT,ZERO
ADD,VTODO,NONE,VJOURNAL,ZERO
ADD,VTODO,NONE,VFREEBUSY,ZERO
ADD,VTODO,RELCALID,NONE,ZEROORONE
CANCEL,VTODO,NONE,NONE,ONE
CANCEL,VTODO,ATTENDEE,NONE,ZEROPLUS
CANCEL,VTODO,UID,NONE,ONE
CANCEL,VTODO,DTSTAMP,NONE,ONE
CANCEL,VTODO,ORGANIZER,NONE,ONE
CANCEL,VTODO,SEQUENCE,NONE,ONE
CANCEL,VTODO,ATTACH,NONE,ZEROPLUS
CANCEL,VTODO,CATEGORIES,NONE,ZEROPLUS #Non-Standard
CANCEL,VTODO,CLASS,NONE,ZEROORONE
CANCEL,VTODO,COMMENT,NONE,ZEROORONE
CANCEL,VTODO,CONTACT,NONE,ZEROPLUS
CANCEL,VTODO,CREATED,NONE,ZEROORONE
CANCEL,VTODO,DESCRIPTION,NONE,ZEROORONE
CANCEL,VTODO,DTSTART,NONE,ZEROORONE
CANCEL,VTODO,DUE,NONE,ZEROORONE
CANCEL,VTODO,DURATION,NONE,ZEROORONE
CANCEL,VTODO,EXDATE,NONE,ZEROPLUS
CANCEL,VTODO,EXRULE,NONE,ZEROPLUS
CANCEL,VTODO,GEO,NONE,ZEROORONE
CANCEL,VTODO,LASTMODIFIED,NONE,ZEROORONE
CANCEL,VTODO,LOCATION,NONE,ZEROORONE
CANCEL,VTODO,PERCENTCOMPLETE,NONE,ZEROORONE
CANCEL,VTODO,RDATE,NONE,ZEROPLUS
CANCEL,VTODO,RECURRENCEID,NONE,ZEROORONE,must_be_recurring
CANCEL,VTODO,RELATEDTO,NONE,ZEROPLUS
CANCEL,VTODO,RESOURCES,NONE,ZEROORONE
CANCEL,VTODO,RRULE,NONE,ZEROPLUS
CANCEL,VTODO,PRIORITY,NONE,ZEROORONE
CANCEL,VTODO,STATUS,NONE,ZEROORONE,must_be_canceled_no_attendee
CANCEL,VTODO,URL,NONE,ZEROORONE
CANCEL,VTODO,X,NONE,ZEROPLUS
CANCEL,VTODO,REQUESTSTATUS,NONE,ZERO
CANCEL,VTODO,NONE,VTIMEZONE,ZEROORONE
CANCEL,VTODO,NONE,X,ZEROPLUS
CANCEL,VTODO,NONE,VALARM,ZERO
CANCEL,VTODO,NONE,VEVENT,ZERO
CANCEL,VTODO,NONE,VFREEBUSY,ZERO
CANCEL,VTODO,RELCALID,NONE,ZEROORONE
REFRESH,VTODO,NONE,NONE,ONE
REFRESH,VTODO,ATTENDEE,NONE,ONE
REFRESH,VTODO,DTSTAMP,NONE,ONE
REFRESH,VTODO,UID,NONE,ONE
REFRESH,VTODO,RECURRENCEID,NONE,ZEROORONE,must_be_recurring
REFRESH,VTODO,X,NONE,ZEROPLUS
REFRESH,VTODO,ATTACH,NONE,ZERO
REFRESH,VTODO,CATEGORIES,NONE,ZERO
REFRESH,VTODO,CLASS,NONE,ZERO
REFRESH,VTODO,COMMENT,NONE,ZERO
REFRESH,VTODO,CONTACT,NONE,ZERO
REFRESH,VTODO,CREATED,NONE,ZERO
REFRESH,VTODO,DESCRIPTION,NONE,ZERO
REFRESH,VTODO,DTSTART,NONE,ZERO
REFRESH,VTODO,DUE,NONE,ZERO
REFRESH,VTODO,DURATION,NONE,ZERO
REFRESH,VTODO,EXDATE,NONE,ZERO
REFRESH,VTODO,EXRULE,NONE,ZERO
REFRESH,VTODO,GEO,NONE,ZERO
REFRESH,VTODO,LASTMODIFIED,NONE,ZERO
REFRESH,VTODO,LOCATION,NONE,ZERO
REFRESH,VTODO,ORGANIZER,NONE,ZERO
REFRESH,VTODO,PERCENTCOMPLETE,NONE,ZERO
REFRESH,VTODO,PRIORITY,NONE,ZERO
REFRESH,VTODO,RDATE,NONE,ZERO
REFRESH,VTODO,RELATEDTO,NONE,ZERO
REFRESH,VTODO,REQUESTSTATUS,NONE,ZERO
REFRESH,VTODO,RESOURCES,NONE,ZERO
REFRESH,VTODO,RRULE,NONE,ZERO
REFRESH,VTODO,SEQUENCE,NONE,ZERO
REFRESH,VTODO,STATUS,NONE,ZERO
REFRESH,VTODO,URL,NONE,ZERO
REFRESH,VTODO,NONE,X,ZEROPLUS
REFRESH,VTODO,NONE,VALARM,ZERO
REFRESH,VTODO,NONE,VEVENT,ZERO
REFRESH,VTODO,NONE,VFREEBUSY,ZERO
REFRESH,VTODO,NONE,VTIMEZONE,ZERO
REFRESH,VTODO,RELCALID,NONE,ZEROORONE
COUNTER,VTODO,NONE,NONE,ONE
COUNTER,VTODO,ATTENDEE,NONE,ONEPLUS
COUNTER,VTODO,DTSTAMP,NONE,ONE
COUNTER,VTODO,ORGANIZER,NONE,ONE
COUNTER,VTODO,PRIORITY,NONE,ONE
COUNTER,VTODO,SUMMARY,NONE,ONE
COUNTER,VTODO,UID,NONE,ONE
COUNTER,VTODO,ATTACH,NONE,ZEROPLUS
COUNTER,VTODO,CATEGORIES,NONE,ZEROPLUS #Non-standard
COUNTER,VTODO,CLASS,NONE,ZEROORONE
COUNTER,VTODO,COMMENT,NONE,ZEROORONE
COUNTER,VTODO,CONTACT,NONE,ZEROPLUS
COUNTER,VTODO,CREATED,NONE,ZEROORONE
COUNTER,VTODO,DESCRIPTION,NONE,ZEROORONE
COUNTER,VTODO,DTSTART,NONE,ZEROORONE
COUNTER,VTODO,DUE,NONE,ZEROORONE
COUNTER,VTODO,DURATION,NONE,ZEROORONE
COUNTER,VTODO,EXDATE,NONE,ZEROPLUS
COUNTER,VTODO,EXRULE,NONE,ZEROPLUS
COUNTER,VTODO,GEO,NONE,ZEROORONE
COUNTER,VTODO,LASTMODIFIED,NONE,ZEROORONE
COUNTER,VTODO,LOCATION,NONE,ZEROORONE
COUNTER,VTODO,PERCENTCOMPLETE,NONE,ZEROORONE
COUNTER,VTODO,RDATE,NONE,ZEROPLUS
COUNTER,VTODO,RECURRENCEID,NONE,ZEROORONE,must_be_recurring
COUNTER,VTODO,RELATEDTO,NONE,ZEROPLUS
COUNTER,VTODO,REQUESTSTATUS,NONE,ZEROPLUS
COUNTER,VTODO,RESOURCES,NONE,ZEROORONE
COUNTER,VTODO,RRULE,NONE,ZEROORONE
COUNTER,VTODO,SEQUENCE,NONE,ZEROORONE
COUNTER,VTODO,STATUS,NONE,ZEROORONE,may_be_comp_need_process
COUNTER,VTODO,URL,NONE,ZEROORONE
COUNTER,VTODO,X,NONE,ZEROPLUS
COUNTER,VTODO,NONE,VALARM,ZEROPLUS
COUNTER,VTODO,NONE,VTIMEZONE,ZEROORONE
COUNTER,VTODO,NONE,X,ZEROPLUS
COUNTER,VTODO,NONE,VEVENT,ZERO
COUNTER,VTODO,NONE,VFREEBUSY,ZERO
COUNTER,VTODO,RELCALID,NONE,ZEROORONE
DECLINECOUNTER,VTODO,NONE,NONE,ONE
DECLINECOUNTER,VTODO,ATTENDEE,NONE,ONEPLUS
DECLINECOUNTER,VTODO,DTSTAMP,NONE,ONE
DECLINECOUNTER,VTODO,ORGANIZER,NONE,ONE
DECLINECOUNTER,VTODO,SEQUENCE,NONE,ONE
DECLINECOUNTER,VTODO,UID,NONE,ONE
DECLINECOUNTER,VTODO,ATTACH,NONE,ZEROPLUS
DECLINECOUNTER,VTODO,CATEGORIES,NONE,ZEROPLUS #Non-standard
DECLINECOUNTER,VTODO,CLASS,NONE,ZEROORONE
DECLINECOUNTER,VTODO,COMMENT,NONE,ZEROORONE
DECLINECOUNTER,VTODO,CONTACT,NONE,ZEROPLUS
DECLINECOUNTER,VTODO,CREATED,NONE,ZEROORONE
DECLINECOUNTER,VTODO,DESCRIPTION,NONE,ZEROORONE
DECLINECOUNTER,VTODO,DTSTART,NONE,ZEROORONE
DECLINECOUNTER,VTODO,DUE,NONE,ZEROORONE
DECLINECOUNTER,VTODO,DURATION,NONE,ZEROORONE
DECLINECOUNTER,VTODO,EXDATE,NONE,ZEROPLUS
DECLINECOUNTER,VTODO,EXRULE,NONE,ZEROPLUS
DECLINECOUNTER,VTODO,GEO,NONE,ZEROORONE
DECLINECOUNTER,VTODO,LASTMODIFIED,NONE,ZEROORONE
DECLINECOUNTER,VTODO,LOCATION,NONE,ZEROORONE
DECLINECOUNTER,VTODO,PERCENTCOMPLETE,NONE,ZEROORONE
DECLINECOUNTER,VTODO,PRIORITY,NONE,ZEROORONE
DECLINECOUNTER,VTODO,RDATE,NONE,ZEROPLUS
DECLINECOUNTER,VTODO,RECURRENCEID,NONE,ZEROORONE,must_be_recurring
DECLINECOUNTER,VTODO,RELATEDTO,NONE,ZEROPLUS
DECLINECOUNTER,VTODO,REQUESTSTATUS,NONE,ZEROPLUS
DECLINECOUNTER,VTODO,RESOURCES,NONE,ZEROORONE
DECLINECOUNTER,VTODO,RRULE,NONE,ZEROPLUS
DECLINECOUNTER,VTODO,STATUS,NONE,ZEROORONE
DECLINECOUNTER,VTODO,URL,NONE,ZEROORONE
DECLINECOUNTER,VTODO,X,NONE,ZEROPLUS
DECLINECOUNTER,VTODO,NONE,VTIMEZONE,ZEROPLUS
DECLINECOUNTER,VTODO,NONE,X,ZEROPLUS
DECLINECOUNTER,VTODO,NONE,VALARM,ZERO
DECLINECOUNTER,VTODO,NONE,VEVENT,ZERO
DECLINECOUNTER,VTODO,NONE,VFREEBUSY,ZERO
DECLINECOUNTER,VTODO,RELCALID,NONE,ZEROORONE
PUBLISH,VJOURNAL,NONE,NONE,ONEPLUS
PUBLISH,VJOURNAL,DESCRIPTION,NONE,ONE
PUBLISH,VJOURNAL,DTSTAMP,NONE,ONE
PUBLISH,VJOURNAL,DTSTART,NONE,ONE
PUBLISH,VJOURNAL,ORGANIZER,NONE,ONE
PUBLISH,VJOURNAL,UID,NONE,ONE
PUBLISH,VJOURNAL,ATTACH,NONE,ZEROPLUS
PUBLISH,VJOURNAL,CATEGORIES,NONE,ZEROPLUS #Non-standard
PUBLISH,VJOURNAL,CLASS,NONE,ZEROORONE
PUBLISH,VJOURNAL,COMMENT,NONE,ZEROORONE
PUBLISH,VJOURNAL,CONTACT,NONE,ZEROPLUS
PUBLISH,VJOURNAL,CREATED,NONE,ZEROORONE
PUBLISH,VJOURNAL,EXDATE,NONE,ZEROPLUS
PUBLISH,VJOURNAL,EXRULE,NONE,ZEROPLUS
PUBLISH,VJOURNAL,LASTMODIFIED,NONE,ZEROORONE
PUBLISH,VJOURNAL,RDATE,NONE,ZEROPLUS
PUBLISH,VJOURNAL,RECURRENCEID,NONE,ZEROORONE,must_be_recurring
PUBLISH,VJOURNAL,RELATEDTO,NONE,ZEROPLUS
PUBLISH,VJOURNAL,RRULE,NONE,ZEROPLUS
PUBLISH,VJOURNAL,SEQUENCE,NONE,ZEROORONE
PUBLISH,VJOURNAL,STATUS,NONE,ZEROORONE,may_be_draft_final_canceled
PUBLISH,VJOURNAL,SUMMARY,NONE,ZEROORONE
PUBLISH,VJOURNAL,URL,NONE,ZEROORONE
PUBLISH,VJOURNAL,X,NONE,ZEROPLUS
PUBLISH,VJOURNAL,ATTENDEE,NONE,ZERO
PUBLISH,VJOURNAL,NONE,VALARM,ZEROPLUS
PUBLISH,VJOURNAL,NONE,VTIMEZONE,ZEROPLUS
PUBLISH,VJOURNAL,NONE,X,ZEROPLUS
PUBLISH,VJOURNAL,NONE,VEVENT,ZERO
PUBLISH,VJOURNAL,NONE,VFREEBUSY,ZERO
PUBLISH,VJOURNAL,NONE,VTODO,ZERO
ADD,VJOURNAL,NONE,NONE,ONE
ADD,VJOURNAL,DESCRIPTION,NONE,ONE
ADD,VJOURNAL,DTSTAMP,NONE,ONE
ADD,VJOURNAL,DTSTART,NONE,ONE
ADD,VJOURNAL,ORGANIZER,NONE,ONE
ADD,VJOURNAL,SEQUENCE,NONE,ONE
ADD,VJOURNAL,UID,NONE,ONE
ADD,VJOURNAL,ATTACH,NONE,ZEROPLUS
ADD,VJOURNAL,CATEGORIES,NONE,ZEROPLUS #Non-standard
ADD,VJOURNAL,CLASS,NONE,ZEROORONE
ADD,VJOURNAL,COMMENT,NONE,ZEROORONE
ADD,VJOURNAL,CONTACT,NONE,ZEROPLUS
ADD,VJOURNAL,CREATED,NONE,ZEROORONE
ADD,VJOURNAL,EXDATE,NONE,ZEROPLUS
ADD,VJOURNAL,EXRULE,NONE,ZEROPLUS
ADD,VJOURNAL,LASTMODIFIED,NONE,ZEROORONE
ADD,VJOURNAL,RDATE,NONE,ZEROPLUS
ADD,VJOURNAL,RELATEDTO,NONE,ZEROPLUS
ADD,VJOURNAL,RRULE,NONE,ZEROPLUS
ADD,VJOURNAL,STATUS,NONE,ZEROORONE
ADD,VJOURNAL,SUMMARY,NONE,ZEROORONE
ADD,VJOURNAL,URL,NONE,ZEROORONE
ADD,VJOURNAL,X,NONE,ZEROPLUS
ADD,VJOURNAL,ATTENDEE,NONE,ZERO
ADD,VJOURNAL,RECURRENCEID,NONE,ZERO
ADD,VJOURNAL,NONE,VALARM,ZEROPLUS
ADD,VJOURNAL,NONE,VTIMEZONE,ZEROORONE
ADD,VJOURNAL,NONE,X,ZEROPLUS
ADD,VJOURNAL,NONE,VEVENT,ZERO
ADD,VJOURNAL,NONE,VFREEBUSY,ZERO
ADD,VJOURNAL,NONE,VTODO,ZERO
CANCEL,VJOURNAL,NONE,NONE,ONEPLUS
CANCEL,VJOURNAL,DTSTAMP,NONE,ONE
CANCEL,VJOURNAL,ORGANIZER,NONE,ONE
CANCEL,VJOURNAL,SEQUENCE,NONE,ONE
CANCEL,VJOURNAL,UID,NONE,ONE
CANCEL,VJOURNAL,ATTACH,NONE,ZEROPLUS
CANCEL,VJOURNAL,ATTENDEE,NONE,ZEROPLUS
CANCEL,VJOURNAL,CATEGORIES,NONE,ZEROPLUS #Non-standard
CANCEL,VJOURNAL,CLASS,NONE,ZEROORONE
CANCEL,VJOURNAL,COMMENT,NONE,ZEROORONE
CANCEL,VJOURNAL,CONTACT,NONE,ZEROPLUS
CANCEL,VJOURNAL,CREATED,NONE,ZEROORONE
CANCEL,VJOURNAL,DESCRIPTION,NONE,ZEROORONE
CANCEL,VJOURNAL,DTSTART,NONE,ZEROORONE
CANCEL,VJOURNAL,EXDATE,NONE,ZEROPLUS
CANCEL,VJOURNAL,EXRULE,NONE,ZEROPLUS
CANCEL,VJOURNAL,LASTMODIFIED,NONE,ZEROORONE
CANCEL,VJOURNAL,RDATE,NONE,ZEROPLUS
CANCEL,VJOURNAL,RECURRENCEID,NONE,ZEROORONE,must_be_recurring
CANCEL,VJOURNAL,RELATEDTO,NONE,ZEROPLUS
CANCEL,VJOURNAL,RRULE,NONE,ZEROPLUS
CANCEL,VJOURNAL,STATUS,NONE,ZEROORONE,must_be_cancel_if_present
CANCEL,VJOURNAL,SUMMARY,NONE,ZEROORONE
CANCEL,VJOURNAL,URL,NONE,ZEROORONE
CANCEL,VJOURNAL,X,NONE,ZEROPLUS
CANCEL,VJOURNAL,REQUESTSTATUS,NONE,ZERO
CANCEL,VJOURNAL,NONE,VTIMEZONE,ZEROPLUS
CANCEL,VJOURNAL,NONE,X,ZEROPLUS
CANCEL,VJOURNAL,NONE,VALARM,ZERO
CANCEL,VJOURNAL,NONE,VEVENT,ZERO
CANCEL,VJOURNAL,NONE,VFREEBUSY,ZERO
CANCEL,VJOURNAL,NONE,VTODO,ZERO
PUBLISH,VAGENDA,NONE,NONE,ONEPLUS
PUBLISH,VAGENDA,CALMASTER,NONE,ONE
PUBLISH,VAGENDA,OWNER,NONE,ZEROORONE
PUBLISH,VAGENDA,RELCALID,NONE,ZEROORONE
PUBLISH,VAGENDA,TZID,NONE,ONE
REQUEST,VAGENDA,NONE,NONE,ONEPLUS
REQUEST,VAGENDA,CALMASTER,NONE,ONE
REQUEST,VAGENDA,OWNER,NONE,ZEROORONE
REQUEST,VAGENDA,RELCALID,NONE,ZEROORONE
REQUEST,VAGENDA,TZID,NONE,ONE
REPLY,VAGENDA,NONE,NONE,ONEPLUS
REPLY,VAGENDA,CALMASTER,NONE,ONE
REPLY,VAGENDA,OWNER,NONE,ZEROORONE
REPLY,VAGENDA,RELCALID,NONE,ZEROORONE
REPLY,VAGENDA,TZID,NONE,ONE
ADD,VAGENDA,NONE,NONE,ONEPLUS
ADD,VAGENDA,CALMASTER,NONE,ONE
ADD,VAGENDA,OWNER,NONE,ZEROORONE
ADD,VAGENDA,RELCALID,NONE,ZEROORONE
ADD,VAGENDA,TZID,NONE,ONE
CANCEL,VAGENDA,NONE,NONE,ONEPLUS
CANCEL,VAGENDA,CALMASTER,NONE,ONE
CANCEL,VAGENDA,OWNER,NONE,ZEROORONE
CANCEL,VAGENDA,RELCALID,NONE,ZEROORONE
CANCEL,VAGENDA,TZID,NONE,ONE
REFRESH,VAGENDA,NONE,NONE,ONEPLUS
REFRESH,VAGENDA,CALMASTER,NONE,ONE
REFRESH,VAGENDA,OWNER,NONE,ZEROORONE
REFRESH,VAGENDA,RELCALID,NONE,ZEROORONE
REFRESH,VAGENDA,TZID,NONE,ONE
COUNTER,VAGENDA,NONE,NONE,ONEPLUS
COUNTER,VAGENDA,CALMASTER,NONE,ONE
COUNTER,VAGENDA,OWNER,NONE,ZEROORONE
COUNTER,VAGENDA,RELCALID,NONE,ZEROORONE
COUNTER,VAGENDA,TZID,NONE,ONE
DECLINECOUNTER,VAGENDA,NONE,NONE,ONEPLUS
DECLINECOUNTER,VAGENDA,CALMASTER,NONE,ONE
DECLINECOUNTER,VAGENDA,OWNER,NONE,ZEROORONE
DECLINECOUNTER,VAGENDA,RELCALID,NONE,ZEROORONE
DECLINECOUNTER,VAGENDA,TZID,NONE,ONE
NONE,VAGENDA,ALLOWCONFLICT,NONE,ONE
NONE,VAGENDA,CALMASTER,NONE,ONE
NONE,VAGENDA,OWNER,NONE,ZEROORONE
NONE,VAGENDA,RELCALID,NONE,ZEROORONE
NONE,VAGENDA,TZID,NONE,ONE
NONE,VAGENDA,DEFAULTCHARSET,NONE,ONE
NONE,VAGENDA,DEFAULTLOCALE,NONE,ONE
NONE,VAGENDA,DEFAULTTZID,NONE,ONE
NONE,VCALENDAR,ACTION,NONE,ZERO
NONE,VCALENDAR,ATTACH,NONE,ZERO
NONE,VCALENDAR,ATTENDEE,NONE,ZERO
NONE,VCALENDAR,RELCALID,NONE,ZEROORONE
NONE,VCALENDAR,CALSCALE,NONE,ZEROORONE
NONE,VCALENDAR,CATEGORIES,NONE,ZERO
NONE,VCALENDAR,CLASS,NONE,ZERO
NONE,VCALENDAR,COMMENT,NONE,ZERO
NONE,VCALENDAR,COMPLETED,NONE,ZERO
NONE,VCALENDAR,CONTACT,NONE,ZERO
NONE,VCALENDAR,CREATED,NONE,ZERO
NONE,VCALENDAR,DESCRIPTION,NONE,ZERO
NONE,VCALENDAR,DTEND,NONE,ZERO
NONE,VCALENDAR,DTSTAMP,NONE,ZERO
NONE,VCALENDAR,DTSTART,NONE,ZERO
NONE,VCALENDAR,DUE,NONE,ZERO
NONE,VCALENDAR,DURATION,NONE,ZERO
NONE,VCALENDAR,EXDATE,NONE,ZERO
NONE,VCALENDAR,EXRULE,NONE,ZERO
NONE,VCALENDAR,FREEBUSY,NONE,ZERO
NONE,VCALENDAR,GEO,NONE,ZERO
NONE,VCALENDAR,LASTMODIFIED,NONE,ZERO
NONE,VCALENDAR,LOCATION,NONE,ZERO
NONE,VCALENDAR,METHOD,NONE,ZEROORONE
NONE,VCALENDAR,ORGANIZER,NONE,ZERO
NONE,VCALENDAR,PERCENTCOMPLETE,NONE,ZERO
NONE,VCALENDAR,PRIORITY,NONE,ZERO
NONE,VCALENDAR,PRODID,NONE,ONE
NONE,VCALENDAR,RDATE,NONE,ZERO
NONE,VCALENDAR,RECURRENCEID,NONE,ZERO
NONE,VCALENDAR,RELATEDTO,NONE,ZERO
NONE,VCALENDAR,REPEAT,NONE,ZERO
NONE,VCALENDAR,REQUESTSTATUS,NONE,ZERO
NONE,VCALENDAR,RESOURCES,NONE,ZERO
NONE,VCALENDAR,RRULE,NONE,ZERO
NONE,VCALENDAR,SEQUENCE,NONE,ZERO
NONE,VCALENDAR,STATUS,NONE,ZERO
NONE,VCALENDAR,SUMMARY,NONE,ZERO
NONE,VCALENDAR,TRANSP,NONE,ZERO
NONE,VCALENDAR,TRIGGER,NONE,ZERO
NONE,VCALENDAR,TZID,NONE,ZERO
NONE,VCALENDAR,TZNAME,NONE,ZERO
NONE,VCALENDAR,TZOFFSETFROM,NONE,ZERO
NONE,VCALENDAR,TZOFFSETTO,NONE,ZERO
NONE,VCALENDAR,TZURL,NONE,ZERO
NONE,VCALENDAR,UID,NONE,ZERO
NONE,VCALENDAR,URL,NONE,ZERO
NONE,VCALENDAR,VERSION,NONE,ONE
NONE,VCALENDAR,X,NONE,ZEROPLUS
NONE,VEVENT,ACTION,NONE,ZERO
NONE,VEVENT,ATTACH,NONE,ZEROPLUS
NONE,VEVENT,ATTENDEE,NONE,ZEROPLUS
NONE,VEVENT,CALSCALE,NONE,ZERO
NONE,VEVENT,CATEGORIES,NONE,ZEROPLUS
NONE,VEVENT,CLASS,NONE,ZEROORONE
NONE,VEVENT,COMMENT,NONE,ZEROPLUS
NONE,VEVENT,COMPLETED,NONE,ZERO
NONE,VEVENT,CONTACT,NONE,ZEROPLUS
NONE,VEVENT,CREATED,NONE,ZEROORONE
NONE,VEVENT,DESCRIPTION,NONE,ZEROORONE
NONE,VEVENT,DTEND,NONE,ONEEXCLUSIVE,no_duration
NONE,VEVENT,DTSTAMP,NONE,ZEROORONE
NONE,VEVENT,DTSTART,NONE,ZEROORONE
NONE,VEVENT,DUE,NONE,ZERO
NONE,VEVENT,DURATION,NONE,ONEEXCLUSIVE,no_dtend
NONE,VEVENT,EXDATE,NONE,ZEROPLUS
NONE,VEVENT,EXRULE,NONE,ZEROPLUS
NONE,VEVENT,FREEBUSY,NONE,ZERO
NONE,VEVENT,GEO,NONE,ZEROORONE
NONE,VEVENT,LASTMODIFIED,NONE,ZEROORONE
NONE,VEVENT,LOCATION,NONE,ZEROORONE
NONE,VEVENT,METHOD,NONE,ZERO
NONE,VEVENT,ORGANIZER,NONE,ZEROORONE
NONE,VEVENT,PERCENTCOMPLETE,NONE,ZERO
NONE,VEVENT,PRIORITY,NONE,ZEROORONE
NONE,VEVENT,PRODID,NONE,ZERO
NONE,VEVENT,RDATE,NONE,ZEROPLUS
NONE,VEVENT,RECURRENCEID,NONE,ZEROORONE,must_be_recurring
NONE,VEVENT,RELATEDTO,NONE,ZEROPLUS
NONE,VEVENT,REPEAT,NONE,ZERO
NONE,VEVENT,REQUESTSTATUS,NONE,ZEROPLUS
NONE,VEVENT,RESOURCES,NONE,ZEROPLUS
NONE,VEVENT,RRULE,NONE,ZEROPLUS
NONE,VEVENT,SEQUENCE,NONE,ZEROORONE
NONE,VEVENT,STATUS,NONE,ZEROORONE
NONE,VEVENT,SUMMARY,NONE,ZEROORONE
NONE,VEVENT,TRANSP,NONE,ZEROORONE
NONE,VEVENT,TRIGGER,NONE,ZERO
NONE,VEVENT,TZID,NONE,ZERO
NONE,VEVENT,TZNAME,NONE,ZERO
NONE,VEVENT,TZOFFSETFROM,NONE,ZERO
NONE,VEVENT,TZOFFSETTO,NONE,ZERO
NONE,VEVENT,TZURL,NONE,ZERO
NONE,VEVENT,UID,NONE,ZEROORONE
NONE,VEVENT,URL,NONE,ZEROORONE
NONE,VEVENT,VERSION,NONE,ZERO
NONE,VEVENT,X,NONE,ZEROPLUS
NONE,VEVENT,RELCALID,NONE,ZEROORONE
NONE,VTODO,ACTION,NONE,ZERO
NONE,VTODO,ATTACH,NONE,ZEROPLUS
NONE,VTODO,ATTENDEE,NONE,ZEROPLUS
NONE,VTODO,CALSCALE,NONE,ZERO
NONE,VTODO,CATEGORIES,NONE,ZEROPLUS
NONE,VTODO,CLASS,NONE,ZEROORONE
NONE,VTODO,COMMENT,NONE,ZEROPLUS
NONE,VTODO,COMPLETED,NONE,ZEROORONE
NONE,VTODO,CONTACT,NONE,ZEROPLUS
NONE,VTODO,CREATED,NONE,ZEROORONE
NONE,VTODO,DESCRIPTION,NONE,ZEROORONE
NONE,VTODO,DTEND,NONE,ZERO
NONE,VTODO,DTSTAMP,NONE,ZEROORONE
NONE,VTODO,DTSTART,NONE,ZEROORONE
NONE,VTODO,DUE,NONE,ONEEXCLUSIVE
NONE,VTODO,DURATION,NONE,ONEEXCLUSIVE
NONE,VTODO,EXDATE,NONE,ZEROPLUS
NONE,VTODO,EXRULE,NONE,ZEROPLUS
NONE,VTODO,FREEBUSY,NONE,ZERO
NONE,VTODO,GEO,NONE,ZEROORONE
NONE,VTODO,LASTMODIFIED,NONE,ZEROORONE
NONE,VTODO,LOCATION,NONE,ZEROORONE
NONE,VTODO,METHOD,NONE,ZERO
NONE,VTODO,ORGANIZER,NONE,ZEROORONE
NONE,VTODO,PERCENTCOMPLETE,NONE,ZEROORONE
NONE,VTODO,PRIORITY,NONE,ZEROORONE
NONE,VTODO,PRODID,NONE,ZERO
NONE,VTODO,RDATE,NONE,ZEROPLUS
NONE,VTODO,RECURRENCEID,NONE,ZEROORONE,must_be_recurring
NONE,VTODO,RELATEDTO,NONE,ZEROPLUS
NONE,VTODO,REPEAT,NONE,ZERO
NONE,VTODO,REQUESTSTATUS,NONE,ZEROPLUS
NONE,VTODO,RESOURCES,NONE,ZEROPLUS
NONE,VTODO,RRULE,NONE,ZEROPLUS
NONE,VTODO,SEQUENCE,NONE,ZEROORONE
NONE,VTODO,STATUS,NONE,ZEROORONE
NONE,VTODO,SUMMARY,NONE,ZEROORONE
NONE,VTODO,TRANSP,NONE,ZERO
NONE,VTODO,TRIGGER,NONE,ZERO
NONE,VTODO,TZID,NONE,ZERO
NONE,VTODO,TZNAME,NONE,ZERO
NONE,VTODO,TZOFFSETFROM,NONE,ZERO
NONE,VTODO,TZOFFSETTO,NONE,ZERO
NONE,VTODO,TZURL,NONE,ZERO
NONE,VTODO,UID,NONE,ZEROORONE
NONE,VTODO,URL,NONE,ZEROORONE
NONE,VTODO,VERSION,NONE,ZERO
NONE,VTODO,X,NONE,ZEROPLUS
NONE,VTODO,RELCALID,NONE,ZEROORONE
NONE,VJOURNAL,ACTION,NONE,ZERO
NONE,VJOURNAL,ATTACH,NONE,ZEROPLUS
NONE,VJOURNAL,ATTENDEE,NONE,ZEROPLUS
NONE,VJOURNAL,CALSCALE,NONE,ZERO
NONE,VJOURNAL,CATEGORIES,NONE,ZEROPLUS
NONE,VJOURNAL,CLASS,NONE,ZEROORONE
NONE,VJOURNAL,COMMENT,NONE,ZEROPLUS
NONE,VJOURNAL,COMPLETED,NONE,ZERO
NONE,VJOURNAL,CONTACT,NONE,ZEROPLUS
NONE,VJOURNAL,CREATED,NONE,ZEROORONE
NONE,VJOURNAL,DESCRIPTION,NONE,ZEROORONE
NONE,VJOURNAL,DTEND,NONE,ZERO
NONE,VJOURNAL,DTSTAMP,NONE,ZEROORONE
NONE,VJOURNAL,DTSTART,NONE,ZEROORONE
NONE,VJOURNAL,DUE,NONE,ONEEXCLUSIVE
NONE,VJOURNAL,DURATION,NONE,ONEEXCLUSIVE
NONE,VJOURNAL,EXDATE,NONE,ZEROPLUS
NONE,VJOURNAL,EXRULE,NONE,ZEROPLUS
NONE,VJOURNAL,FREEBUSY,NONE,ZERO
NONE,VJOURNAL,GEO,NONE,ZERO
NONE,VJOURNAL,LASTMODIFIED,NONE,ZEROORONE
NONE,VJOURNAL,LOCATION,NONE,ZERO
NONE,VJOURNAL,METHOD,NONE,ZERO
NONE,VJOURNAL,ORGANIZER,NONE,ZEROORONE
NONE,VJOURNAL,PERCENTCOMPLETE,NONE,ZERO
NONE,VJOURNAL,PRIORITY,NONE,ZERO
NONE,VJOURNAL,PRODID,NONE,ZERO
NONE,VJOURNAL,RDATE,NONE,ZEROPLUS
NONE,VJOURNAL,RECURRENCEID,NONE,ZEROORONE,must_be_recurring
NONE,VJOURNAL,RELATEDTO,NONE,ZEROPLUS
NONE,VJOURNAL,REPEAT,NONE,ZERO
NONE,VJOURNAL,REQUESTSTATUS,NONE,ZEROPLUS
NONE,VJOURNAL,RESOURCES,NONE,ZERO
NONE,VJOURNAL,RRULE,NONE,ZEROPLUS
NONE,VJOURNAL,SEQUENCE,NONE,ZEROORONE
NONE,VJOURNAL,STATUS,NONE,ZEROORONE
NONE,VJOURNAL,SUMMARY,NONE,ZEROORONE
NONE,VJOURNAL,TRANSP,NONE,ZERO
NONE,VJOURNAL,TRIGGER,NONE,ZERO
NONE,VJOURNAL,TZID,NONE,ZERO
NONE,VJOURNAL,TZNAME,NONE,ZERO
NONE,VJOURNAL,TZOFFSETFROM,NONE,ZERO
NONE,VJOURNAL,TZOFFSETTO,NONE,ZERO
NONE,VJOURNAL,TZURL,NONE,ZERO
NONE,VJOURNAL,UID,NONE,ZEROORONE
NONE,VJOURNAL,URL,NONE,ZEROORONE
NONE,VJOURNAL,VERSION,NONE,ZERO
NONE,VJOURNAL,X,NONE,ZEROPLUS
NONE,VFREEBUSY,ACTION,NONE,ZERO
NONE,VFREEBUSY,ATTACH,NONE,ZERO
NONE,VFREEBUSY,ATTENDEE,NONE,ZEROPLUS
NONE,VFREEBUSY,CALSCALE,NONE,ZERO
NONE,VFREEBUSY,CATEGORIES,NONE,ZERO
NONE,VFREEBUSY,CLASS,NONE,ZERO
NONE,VFREEBUSY,COMMENT,NONE,ZEROPLUS
NONE,VFREEBUSY,COMPLETED,NONE,ZERO
NONE,VFREEBUSY,CONTACT,NONE,ZEROORONE
NONE,VFREEBUSY,CREATED,NONE,ZERO
NONE,VFREEBUSY,DESCRIPTION,NONE,ZERO
NONE,VFREEBUSY,DTEND,NONE,ZEROORONE
NONE,VFREEBUSY,DTSTAMP,NONE,ONE
NONE,VFREEBUSY,DTSTART,NONE,ZEROORONE
NONE,VFREEBUSY,DUE,NONE,ZERO
NONE,VFREEBUSY,DURATION,NONE,ZERO
NONE,VFREEBUSY,EXDATE,NONE,ZERO
NONE,VFREEBUSY,EXRULE,NONE,ZERO
NONE,VFREEBUSY,FREEBUSY,NONE,ZEROPLUS
NONE,VFREEBUSY,GEO,NONE,ZERO
NONE,VFREEBUSY,LASTMODIFIED,NONE,ZERO
NONE,VFREEBUSY,LOCATION,NONE,ZERO
NONE,VFREEBUSY,METHOD,NONE,ZERO
NONE,VFREEBUSY,ORGANIZER,NONE,ZEROORONE
NONE,VFREEBUSY,PERCENTCOMPLETE,NONE,ZERO
NONE,VFREEBUSY,PRIORITY,NONE,ZERO
NONE,VFREEBUSY,PRODID,NONE,ZERO
NONE,VFREEBUSY,RDATE,NONE,ZERO
NONE,VFREEBUSY,RECURRENCEID,NONE,ZERO
NONE,VFREEBUSY,RELATEDTO,NONE,ZERO
NONE,VFREEBUSY,REPEAT,NONE,ZERO
NONE,VFREEBUSY,REQUESTSTATUS,NONE,ZEROPLUS
NONE,VFREEBUSY,RESOURCES,NONE,ZERO
NONE,VFREEBUSY,RRULE,NONE,ZERO
NONE,VFREEBUSY,SEQUENCE,NONE,ZERO
NONE,VFREEBUSY,STATUS,NONE,ZERO
NONE,VFREEBUSY,SUMMARY,NONE,ZERO
NONE,VFREEBUSY,TRANSP,NONE,ZERO
NONE,VFREEBUSY,TRIGGER,NONE,ZERO
NONE,VFREEBUSY,TZID,NONE,ZERO
NONE,VFREEBUSY,TZNAME,NONE,ZERO
NONE,VFREEBUSY,TZOFFSETFROM,NONE,ZERO
NONE,VFREEBUSY,TZOFFSETTO,NONE,ZERO
NONE,VFREEBUSY,TZURL,NONE,ZERO
NONE,VFREEBUSY,UID,NONE,ONE
NONE,VFREEBUSY,URL,NONE,ZEROORONE
NONE,VFREEBUSY,VERSION,NONE,ZERO
NONE,VFREEBUSY,X,NONE,ZEROPLUS
NONE,VTIMEZONE,ACTION,NONE,ZERO
NONE,VTIMEZONE,ATTACH,NONE,ZERO
NONE,VTIMEZONE,ATTENDEE,NONE,ZERO
NONE,VTIMEZONE,CALSCALE,NONE,ZERO
NONE,VTIMEZONE,CATEGORIES,NONE,ZERO
NONE,VTIMEZONE,CLASS,NONE,ZERO
NONE,VTIMEZONE,COMMENT,NONE,ZERO
NONE,VTIMEZONE,COMPLETED,NONE,ZERO
NONE,VTIMEZONE,CONTACT,NONE,ZERO
NONE,VTIMEZONE,CREATED,NONE,ZERO
NONE,VTIMEZONE,DESCRIPTION,NONE,ZERO
NONE,VTIMEZONE,DTEND,NONE,ZERO
NONE,VTIMEZONE,DTSTAMP,NONE,ZERO
NONE,VTIMEZONE,DTSTART,NONE,ZERO
NONE,VTIMEZONE,DUE,NONE,ZERO
NONE,VTIMEZONE,DURATION,NONE,ZERO
NONE,VTIMEZONE,EXDATE,NONE,ZERO
NONE,VTIMEZONE,EXRULE,NONE,ZERO
NONE,VTIMEZONE,FREEBUSY,NONE,ZERO
NONE,VTIMEZONE,GEO,NONE,ZERO
NONE,VTIMEZONE,LASTMODIFIED,NONE,ZEROORONE
NONE,VTIMEZONE,LOCATION,NONE,ZERO
NONE,VTIMEZONE,METHOD,NONE,ZERO
NONE,VTIMEZONE,ORGANIZER,NONE,ZERO
NONE,VTIMEZONE,PERCENTCOMPLETE,NONE,ZERO
NONE,VTIMEZONE,PRIORITY,NONE,ZERO
NONE,VTIMEZONE,PRODID,NONE,ZERO
NONE,VTIMEZONE,RDATE,NONE,ZERO
NONE,VTIMEZONE,RECURRENCEID,NONE,ZERO
NONE,VTIMEZONE,RELATEDTO,NONE,ZERO
NONE,VTIMEZONE,REPEAT,NONE,ZERO
NONE,VTIMEZONE,REQUESTSTATUS,NONE,ZERO
NONE,VTIMEZONE,RESOURCES,NONE,ZERO
NONE,VTIMEZONE,RRULE,NONE,ZERO
NONE,VTIMEZONE,SEQUENCE,NONE,ZERO
NONE,VTIMEZONE,STATUS,NONE,ZERO
NONE,VTIMEZONE,SUMMARY,NONE,ZERO
NONE,VTIMEZONE,TRANSP,NONE,ZERO
NONE,VTIMEZONE,TRIGGER,NONE,ZERO
NONE,VTIMEZONE,TZID,NONE,ONE
NONE,VTIMEZONE,TZIDALIASOF,NONE,ZEROPLUS
NONE,VTIMEZONE,TZNAME,NONE,ZERO
NONE,VTIMEZONE,TZOFFSETFROM,NONE,ZERO
NONE,VTIMEZONE,TZOFFSETTO,NONE,ZERO
NONE,VTIMEZONE,TZUNTIL,NONE,ZEROORONE
NONE,VTIMEZONE,TZURL,NONE,ZEROPLUS
NONE,VTIMEZONE,UID,NONE,ZERO
NONE,VTIMEZONE,URL,NONE,ZERO
NONE,VTIMEZONE,VERSION,NONE,ZERO
NONE,VTIMEZONE,X,NONE,ZEROORONE
NONE,VTIMEZONE,NONE,XSTANDARD,ZEROPLUS
NONE,VTIMEZONE,NONE,XDAYLIGHT,ZEROPLUS
NONE,XSTANDARD,ACTION,NONE,ZERO
NONE,XSTANDARD,ATTACH,NONE,ZERO
NONE,XSTANDARD,ATTENDEE,NONE,ZERO
NONE,XSTANDARD,CALSCALE,NONE,ZERO
NONE,XSTANDARD,CATEGORIES,NONE,ZERO
NONE,XSTANDARD,CLASS,NONE,ZERO
NONE,XSTANDARD,COMMENT,NONE,ZEROPLUS
NONE,XSTANDARD,COMPLETED,NONE,ZERO
NONE,XSTANDARD,CONTACT,NONE,ZERO
NONE,XSTANDARD,CREATED,NONE,ZERO
NONE,XSTANDARD,DESCRIPTION,NONE,ZERO
NONE,XSTANDARD,DTEND,NONE,ZERO
NONE,XSTANDARD,DTSTAMP,NONE,ZERO
NONE,XSTANDARD,DTSTART,NONE,ONE
NONE,XSTANDARD,DUE,NONE,ZERO
NONE,XSTANDARD,DURATION,NONE,ZERO
NONE,XSTANDARD,EXDATE,NONE,ZERO
NONE,XSTANDARD,EXRULE,NONE,ZERO
NONE,XSTANDARD,FREEBUSY,NONE,ZERO
NONE,XSTANDARD,GEO,NONE,ZERO
NONE,XSTANDARD,LASTMODIFIED,NONE,ZERO
NONE,XSTANDARD,LOCATION,NONE,ZERO
NONE,XSTANDARD,METHOD,NONE,ZERO
NONE,XSTANDARD,ORGANIZER,NONE,ZERO
NONE,XSTANDARD,PERCENTCOMPLETE,NONE,ZERO
NONE,XSTANDARD,PRIORITY,NONE,ZERO
NONE,XSTANDARD,PRODID,NONE,ZERO
NONE,XSTANDARD,RDATE,NONE,ZEROPLUS
NONE,XSTANDARD,RECURRENCEID,NONE,ZERO
NONE,XSTANDARD,RELATEDTO,NONE,ZERO
NONE,XSTANDARD,REPEAT,NONE,ZERO
NONE,XSTANDARD,REQUESTSTATUS,NONE,ZERO
NONE,XSTANDARD,RESOURCES,NONE,ZERO
NONE,XSTANDARD,RRULE,NONE,ZEROPLUS
NONE,XSTANDARD,SEQUENCE,NONE,ZERO
NONE,XSTANDARD,STATUS,NONE,ZERO
NONE,XSTANDARD,SUMMARY,NONE,ZERO
NONE,XSTANDARD,TRANSP,NONE,ZERO
NONE,XSTANDARD,TRIGGER,NONE,ZERO
NONE,XSTANDARD,TZID,NONE,ZERO
NONE,XSTANDARD,TZNAME,NONE,ZEROPLUS
NONE,XSTANDARD,TZOFFSETFROM,NONE,ONE
NONE,XSTANDARD,TZOFFSETTO,NONE,ONE
NONE,XSTANDARD,TZURL,NONE,ZERO
NONE,XSTANDARD,UID,NONE,ZERO
NONE,XSTANDARD,URL,NONE,ZERO
NONE,XSTANDARD,VERSION,NONE,ZERO
NONE,XSTANDARD,X,NONE,ZEROPLUS
NONE,XDAYLIGHT,ACTION,NONE,ZERO
NONE,XDAYLIGHT,ATTACH,NONE,ZERO
NONE,XDAYLIGHT,ATTENDEE,NONE,ZERO
NONE,XDAYLIGHT,CALSCALE,NONE,ZERO
NONE,XDAYLIGHT,CATEGORIES,NONE,ZERO
NONE,XDAYLIGHT,CLASS,NONE,ZERO
NONE,XDAYLIGHT,COMMENT,NONE,ZEROPLUS
NONE,XDAYLIGHT,COMPLETED,NONE,ZERO
NONE,XDAYLIGHT,CONTACT,NONE,ZERO
NONE,XDAYLIGHT,CREATED,NONE,ZERO
NONE,XDAYLIGHT,DESCRIPTION,NONE,ZERO
NONE,XDAYLIGHT,DTEND,NONE,ZERO
NONE,XDAYLIGHT,DTSTAMP,NONE,ZERO
NONE,XDAYLIGHT,DTSTART,NONE,ONE
NONE,XDAYLIGHT,DUE,NONE,ZERO
NONE,XDAYLIGHT,DURATION,NONE,ZERO
NONE,XDAYLIGHT,EXDATE,NONE,ZERO
NONE,XDAYLIGHT,EXRULE,NONE,ZERO
NONE,XDAYLIGHT,FREEBUSY,NONE,ZERO
NONE,XDAYLIGHT,GEO,NONE,ZERO
NONE,XDAYLIGHT,LASTMODIFIED,NONE,ZERO
NONE,XDAYLIGHT,LOCATION,NONE,ZERO
NONE,XDAYLIGHT,METHOD,NONE,ZERO
NONE,XDAYLIGHT,ORGANIZER,NONE,ZERO
NONE,XDAYLIGHT,PERCENTCOMPLETE,NONE,ZERO
NONE,XDAYLIGHT,PRIORITY,NONE,ZERO
NONE,XDAYLIGHT,PRODID,NONE,ZERO
NONE,XDAYLIGHT,RDATE,NONE,ZEROPLUS
NONE,XDAYLIGHT,RECURRENCEID,NONE,ZERO
NONE,XDAYLIGHT,RELATEDTO,NONE,ZERO
NONE,XDAYLIGHT,REPEAT,NONE,ZERO
NONE,XDAYLIGHT,REQUESTSTATUS,NONE,ZERO
NONE,XDAYLIGHT,RESOURCES,NONE,ZERO
NONE,XDAYLIGHT,RRULE,NONE,ZEROPLUS
NONE,XDAYLIGHT,SEQUENCE,NONE,ZERO
NONE,XDAYLIGHT,STATUS,NONE,ZERO
NONE,XDAYLIGHT,SUMMARY,NONE,ZERO
NONE,XDAYLIGHT,TRANSP,NONE,ZERO
NONE,XDAYLIGHT,TRIGGER,NONE,ZERO
NONE,XDAYLIGHT,TZID,NONE,ZERO
NONE,XDAYLIGHT,TZNAME,NONE,ZEROPLUS
NONE,XDAYLIGHT,TZOFFSETFROM,NONE,ONE
NONE,XDAYLIGHT,TZOFFSETTO,NONE,ONE
NONE,XDAYLIGHT,TZURL,NONE,ZERO
NONE,XDAYLIGHT,UID,NONE,ZERO
NONE,XDAYLIGHT,URL,NONE,ZERO
NONE,XDAYLIGHT,VERSION,NONE,ZERO
NONE,XDAYLIGHT,X,NONE,ZEROPLUS
NONE,XAUDIOALARM,ACTION,NONE,ONE
NONE,XAUDIOALARM,ATTACH,NONE,ZEROORONE
NONE,XAUDIOALARM,ATTENDEE,NONE,ZERO
NONE,XAUDIOALARM,CALSCALE,NONE,ZERO
NONE,XAUDIOALARM,CATEGORIES,NONE,ZERO
NONE,XAUDIOALARM,CLASS,NONE,ZERO
NONE,XAUDIOALARM,COMMENT,NONE,ZERO
NONE,XAUDIOALARM,COMPLETED,NONE,ZERO
NONE,XAUDIOALARM,CONTACT,NONE,ZERO
NONE,XAUDIOALARM,CREATED,NONE,ZERO
NONE,XAUDIOALARM,DESCRIPTION,NONE,ZERO
NONE,XAUDIOALARM,DTEND,NONE,ZERO
NONE,XAUDIOALARM,DTSTAMP,NONE,ZERO
NONE,XAUDIOALARM,DTSTART,NONE,ZERO
NONE,XAUDIOALARM,DUE,NONE,ZERO
NONE,XAUDIOALARM,DURATION,NONE,ONEMUTUAL,must_have_repeat
NONE,XAUDIOALARM,REPEAT,NONE,ONEMUTUAL,must_have_duration
NONE,XAUDIOALARM,EXDATE,NONE,ZERO
NONE,XAUDIOALARM,EXRULE,NONE,ZERO
NONE,XAUDIOALARM,FREEBUSY,NONE,ZERO
NONE,XAUDIOALARM,GEO,NONE,ZERO
NONE,XAUDIOALARM,LASTMODIFIED,NONE,ZERO
NONE,XAUDIOALARM,LOCATION,NONE,ZERO
NONE,XAUDIOALARM,METHOD,NONE,ZERO
NONE,XAUDIOALARM,ORGANIZER,NONE,ZERO
NONE,XAUDIOALARM,PERCENTCOMPLETE,NONE,ZERO
NONE,XAUDIOALARM,PRIORITY,NONE,ZERO
NONE,XAUDIOALARM,PRODID,NONE,ZERO
NONE,XAUDIOALARM,RDATE,NONE,ZERO
NONE,XAUDIOALARM,RECURRENCEID,NONE,ZERO
NONE,XAUDIOALARM,RELATEDTO,NONE,ZERO
NONE,XAUDIOALARM,REQUESTSTATUS,NONE,ZERO
NONE,XAUDIOALARM,RESOURCES,NONE,ZERO
NONE,XAUDIOALARM,RRULE,NONE,ZERO
NONE,XAUDIOALARM,SEQUENCE,NONE,ZERO
NONE,XAUDIOALARM,STATUS,NONE,ZERO
NONE,XAUDIOALARM,SUMMARY,NONE,ZERO
NONE,XAUDIOALARM,TRANSP,NONE,ZERO
NONE,XAUDIOALARM,TRIGGER,NONE,ONE
NONE,XAUDIOALARM,TZID,NONE,ZERO
NONE,XAUDIOALARM,TZNAME,NONE,ZERO
NONE,XAUDIOALARM,TZOFFSETFROM,NONE,ZERO
NONE,XAUDIOALARM,TZOFFSETTO,NONE,ZERO
NONE,XAUDIOALARM,TZURL,NONE,ZERO
NONE,XAUDIOALARM,UID,NONE,ZERO
NONE,XAUDIOALARM,URL,NONE,ZERO
NONE,XAUDIOALARM,VERSION,NONE,ZERO
NONE,XAUDIOALARM,X,NONE,ZEROPLUS
NONE,XDISPLAYALARM,ACTION,NONE,ONE
NONE,XDISPLAYALARM,ATTACH,NONE,ZERO
NONE,XDISPLAYALARM,ATTENDEE,NONE,ZERO
NONE,XDISPLAYALARM,CALSCALE,NONE,ZERO
NONE,XDISPLAYALARM,CATEGORIES,NONE,ZERO
NONE,XDISPLAYALARM,CLASS,NONE,ZERO
NONE,XDISPLAYALARM,COMMENT,NONE,ZERO
NONE,XDISPLAYALARM,COMPLETED,NONE,ZERO
NONE,XDISPLAYALARM,CONTACT,NONE,ZERO
NONE,XDISPLAYALARM,CREATED,NONE,ZERO
NONE,XDISPLAYALARM,DESCRIPTION,NONE,ONE
NONE,XDISPLAYALARM,DTEND,NONE,ZERO
NONE,XDISPLAYALARM,DTSTAMP,NONE,ZERO
NONE,XDISPLAYALARM,DTSTART,NONE,ZERO
NONE,XDISPLAYALARM,DUE,NONE,ZERO
NONE,XDISPLAYALARM,DURATION,NONE,ONEMUTUAL,must_have_repeat
NONE,XDISPLAYALARM,REPEAT,NONE,ONEMUTUAL,must_have_duration
NONE,XDISPLAYALARM,EXDATE,NONE,ZERO
NONE,XDISPLAYALARM,EXRULE,NONE,ZERO
NONE,XDISPLAYALARM,FREEBUSY,NONE,ZERO
NONE,XDISPLAYALARM,GEO,NONE,ZERO
NONE,XDISPLAYALARM,LASTMODIFIED,NONE,ZERO
NONE,XDISPLAYALARM,LOCATION,NONE,ZERO
NONE,XDISPLAYALARM,METHOD,NONE,ZERO
NONE,XDISPLAYALARM,ORGANIZER,NONE,ZERO
NONE,XDISPLAYALARM,PERCENTCOMPLETE,NONE,ZERO
NONE,XDISPLAYALARM,PRIORITY,NONE,ZERO
NONE,XDISPLAYALARM,PRODID,NONE,ZERO
NONE,XDISPLAYALARM,RDATE,NONE,ZERO
NONE,XDISPLAYALARM,RECURRENCEID,NONE,ZERO
NONE,XDISPLAYALARM,RELATEDTO,NONE,ZERO
NONE,XDISPLAYALARM,REQUESTSTATUS,NONE,ZERO
NONE,XDISPLAYALARM,RESOURCES,NONE,ZERO
NONE,XDISPLAYALARM,RRULE,NONE,ZERO
NONE,XDISPLAYALARM,SEQUENCE,NONE,ZERO
NONE,XDISPLAYALARM,STATUS,NONE,ZERO
NONE,XDISPLAYALARM,SUMMARY,NONE,ZERO
NONE,XDISPLAYALARM,TRANSP,NONE,ZERO
NONE,XDISPLAYALARM,TRIGGER,NONE,ONE
NONE,XDISPLAYALARM,TZID,NONE,ZERO
NONE,XDISPLAYALARM,TZNAME,NONE,ZERO
NONE,XDISPLAYALARM,TZOFFSETFROM,NONE,ZERO
NONE,XDISPLAYALARM,TZOFFSETTO,NONE,ZERO
NONE,XDISPLAYALARM,TZURL,NONE,ZERO
NONE,XDISPLAYALARM,UID,NONE,ZERO
NONE,XDISPLAYALARM,URL,NONE,ZERO
NONE,XDISPLAYALARM,VERSION,NONE,ZERO
NONE,XDISPLAYALARM,X,NONE,ZEROPLUS
NONE,XEMAILALARM,ACTION,NONE,ONE,must_be_email
NONE,XEMAILALARM,ATTACH,NONE,ZEROPLUS
NONE,XEMAILALARM,ATTENDEE,NONE,ONEPLUS
NONE,XEMAILALARM,CALSCALE,NONE,ZERO
NONE,XEMAILALARM,CATEGORIES,NONE,ZERO
NONE,XEMAILALARM,CLASS,NONE,ZERO
NONE,XEMAILALARM,COMMENT,NONE,ZERO
NONE,XEMAILALARM,COMPLETED,NONE,ZERO
NONE,XEMAILALARM,CONTACT,NONE,ZERO
NONE,XEMAILALARM,CREATED,NONE,ZERO
NONE,XEMAILALARM,DESCRIPTION,NONE,ONE
NONE,XEMAILALARM,DTEND,NONE,ZERO
NONE,XEMAILALARM,DTSTAMP,NONE,ZERO
NONE,XEMAILALARM,DTSTART,NONE,ZERO
NONE,XEMAILALARM,DUE,NONE,ZERO
NONE,XEMAILALARM,DURATION,NONE,ONEMUTUAL,must_have_repeat
NONE,XEMAILALARM,REPEAT,NONE,ONEMUTUAL,must_have_duration
NONE,XEMAILALARM,EXDATE,NONE,ZERO
NONE,XEMAILALARM,EXRULE,NONE,ZERO
NONE,XEMAILALARM,FREEBUSY,NONE,ZERO
NONE,XEMAILALARM,GEO,NONE,ZERO
NONE,XEMAILALARM,LASTMODIFIED,NONE,ZERO
NONE,XEMAILALARM,LOCATION,NONE,ZERO
NONE,XEMAILALARM,METHOD,NONE,ZERO
NONE,XEMAILALARM,ORGANIZER,NONE,ZERO
NONE,XEMAILALARM,PERCENTCOMPLETE,NONE,ZERO
NONE,XEMAILALARM,PRIORITY,NONE,ZERO
NONE,XEMAILALARM,PRODID,NONE,ZERO
NONE,XEMAILALARM,RDATE,NONE,ZERO
NONE,XEMAILALARM,RECURRENCEID,NONE,ZERO
NONE,XEMAILALARM,RELATEDTO,NONE,ZERO
NONE,XEMAILALARM,REQUESTSTATUS,NONE,ZERO
NONE,XEMAILALARM,RESOURCES,NONE,ZERO
NONE,XEMAILALARM,RRULE,NONE,ZERO
NONE,XEMAILALARM,SEQUENCE,NONE,ZERO
NONE,XEMAILALARM,STATUS,NONE,ZERO
NONE,XEMAILALARM,SUMMARY,NONE,ONE
NONE,XEMAILALARM,TRANSP,NONE,ZERO
NONE,XEMAILALARM,TRIGGER,NONE,ONE
NONE,XEMAILALARM,TZID,NONE,ZERO
NONE,XEMAILALARM,TZNAME,NONE,ZERO
NONE,XEMAILALARM,TZOFFSETFROM,NONE,ZERO
NONE,XEMAILALARM,TZOFFSETTO,NONE,ZERO
NONE,XEMAILALARM,TZURL,NONE,ZERO
NONE,XEMAILALARM,UID,NONE,ZERO
NONE,XEMAILALARM,URL,NONE,ZERO
NONE,XEMAILALARM,VERSION,NONE,ZERO
NONE,XEMAILALARM,X,NONE,ZEROPLUS
NONE,XPROCEDUREALARM,ACTION,NONE,ONE
NONE,XPROCEDUREALARM,ATTACH,NONE,ZEROORONE
NONE,XPROCEDUREALARM,ATTENDEE,NONE,ZERO
NONE,XPROCEDUREALARM,CALSCALE,NONE,ZERO
NONE,XPROCEDUREALARM,CATEGORIES,NONE,ZERO
NONE,XPROCEDUREALARM,CLASS,NONE,ZERO
NONE,XPROCEDUREALARM,COMMENT,NONE,ZERO
NONE,XPROCEDUREALARM,COMPLETED,NONE,ZERO
NONE,XPROCEDUREALARM,CONTACT,NONE,ZERO
NONE,XPROCEDUREALARM,CREATED,NONE,ZERO
NONE,XPROCEDUREALARM,DESCRIPTION,NONE,ZEROORONE
NONE,XPROCEDUREALARM,DTEND,NONE,ZERO
NONE,XPROCEDUREALARM,DTSTAMP,NONE,ZERO
NONE,XPROCEDUREALARM,DTSTART,NONE,ZERO
NONE,XPROCEDUREALARM,DUE,NONE,ZERO
NONE,XPROCEDUREALARM,DURATION,NONE,ONEMUTUAL,must_have_repeat
NONE,XPROCEDUREALARM,REPEAT,NONE,ONEMUTUAL,must_have_duration
NONE,XPROCEDUREALARM,EXDATE,NONE,ZERO
NONE,XPROCEDUREALARM,EXRULE,NONE,ZERO
NONE,XPROCEDUREALARM,FREEBUSY,NONE,ZERO
NONE,XPROCEDUREALARM,GEO,NONE,ZERO
NONE,XPROCEDUREALARM,LASTMODIFIED,NONE,ZERO
NONE,XPROCEDUREALARM,LOCATION,NONE,ZERO
NONE,XPROCEDUREALARM,METHOD,NONE,ZERO
NONE,XPROCEDUREALARM,ORGANIZER,NONE,ZERO
NONE,XPROCEDUREALARM,PERCENTCOMPLETE,NONE,ZERO
NONE,XPROCEDUREALARM,PRIORITY,NONE,ZERO
NONE,XPROCEDUREALARM,PRODID,NONE,ZERO
NONE,XPROCEDUREALARM,RDATE,NONE,ZERO
NONE,XPROCEDUREALARM,RECURRENCEID,NONE,ZERO
NONE,XPROCEDUREALARM,RELATEDTO,NONE,ZERO
NONE,XPROCEDUREALARM,REQUESTSTATUS,NONE,ZERO
NONE,XPROCEDUREALARM,RESOURCES,NONE,ZERO
NONE,XPROCEDUREALARM,RRULE,NONE,ZERO
NONE,XPROCEDUREALARM,SEQUENCE,NONE,ZERO
NONE,XPROCEDUREALARM,STATUS,NONE,ZERO
NONE,XPROCEDUREALARM,SUMMARY,NONE,ZERO
NONE,XPROCEDUREALARM,TRANSP,NONE,ZERO
NONE,XPROCEDUREALARM,TRIGGER,NONE,ONE
NONE,XPROCEDUREALARM,TZID,NONE,ZERO
NONE,XPROCEDUREALARM,TZNAME,NONE,ZERO
NONE,XPROCEDUREALARM,TZOFFSETFROM,NONE,ZERO
NONE,XPROCEDUREALARM,TZOFFSETTO,NONE,ZERO
NONE,XPROCEDUREALARM,TZURL,NONE,ZERO
NONE,XPROCEDUREALARM,UID,NONE,ZERO
NONE,XPROCEDUREALARM,URL,NONE,ZERO
NONE,XPROCEDUREALARM,VERSION,NONE,ZERO
NONE,XPROCEDUREALARM,X,NONE,ZEROPLUS
NONE,VQUERY,QUERY,NONE,ZEROORONE
NONE,VQUERY,QUERYNAME,NONE,ONE
NONE,VQUERY,EXPAND,NONE,ONE
NONE,VAVAILABILITY,ACTION,NONE,ZERO
NONE,VAVAILABILITY,ATTACH,NONE,ZERO
NONE,VAVAILABILITY,ATTENDEE,NONE,ZERO
NONE,VAVAILABILITY,BUSYTYPE,NONE,ZEROORONE
NONE,VAVAILABILITY,CALSCALE,NONE,ZERO
NONE,VAVAILABILITY,CATEGORIES,NONE,ZEROPLUS
NONE,VAVAILABILITY,CLASS,NONE,ZEROORONE
NONE,VAVAILABILITY,COMMENT,NONE,ZEROPLUS
NONE,VAVAILABILITY,COMPLETED,NONE,ZERO
NONE,VAVAILABILITY,CONTACT,NONE,ZEROPLUS
NONE,VAVAILABILITY,CREATED,NONE,ZEROORONE
NONE,VAVAILABILITY,DESCRIPTION,NONE,ZEROORONE
NONE,VAVAILABILITY,DTEND,NONE,ONEEXCLUSIVE,no_duration
NONE,VAVAILABILITY,DTSTAMP,NONE,ONE
NONE,VAVAILABILITY,DTSTART,NONE,ZEROORONE
NONE,VAVAILABILITY,DUE,NONE,ZERO
NONE,VAVAILABILITY,DURATION,NONE,ONEEXCLUSIVE,no_dtend
NONE,VAVAILABILITY,EXDATE,NONE,ZERO
NONE,VAVAILABILITY,EXRULE,NONE,ZERO
NONE,VAVAILABILITY,FREEBUSY,NONE,ZERO
NONE,VAVAILABILITY,GEO,NONE,ZERO
NONE,VAVAILABILITY,LASTMODIFIED,NONE,ZEROORONE
NONE,VAVAILABILITY,LOCATION,NONE,ZERO
NONE,VAVAILABILITY,METHOD,NONE,ZERO
NONE,VAVAILABILITY,ORGANIZER,NONE,ZEROORONE
NONE,VAVAILABILITY,PERCENTCOMPLETE,NONE,ZERO
NONE,VAVAILABILITY,PRIORITY,NONE,ZEROORONE
NONE,VAVAILABILITY,PRODID,NONE,ZERO
NONE,VAVAILABILITY,RDATE,NONE,ZERO
NONE,VAVAILABILITY,RECURRENCEID,NONE,ZERO
NONE,VAVAILABILITY,RELATEDTO,NONE,ZERO
NONE,VAVAILABILITY,REPEAT,NONE,ZERO
NONE,VAVAILABILITY,REQUESTSTATUS,NONE,ZERO
NONE,VAVAILABILITY,RESOURCES,NONE,ZERO
NONE,VAVAILABILITY,RRULE,NONE,ZERO
NONE,VAVAILABILITY,SEQUENCE,NONE,ZEROORONE
NONE,VAVAILABILITY,STATUS,NONE,ZERO
NONE,VAVAILABILITY,SUMMARY,NONE,ZEROORONE
NONE,VAVAILABILITY,TRANSP,NONE,ZERO
NONE,VAVAILABILITY,TRIGGER,NONE,ZERO
NONE,VAVAILABILITY,TZID,NONE,ZERO
NONE,VAVAILABILITY,TZNAME,NONE,ZERO
NONE,VAVAILABILITY,TZOFFSETFROM,NONE,ZERO
NONE,VAVAILABILITY,TZOFFSETTO,NONE,ZERO
NONE,VAVAILABILITY,TZURL,NONE,ZERO
NONE,VAVAILABILITY,UID,NONE,ONE
NONE,VAVAILABILITY,URL,NONE,ZEROORONE
NONE,VAVAILABILITY,VERSION,NONE,ZERO
NONE,VAVAILABILITY,X,NONE,ZEROPLUS
NONE,VAVAILABILITY,NONE,XAVAILABLE,ZEROPLUS
NONE,XAVAILABLE,ACTION,NONE,ZERO
NONE,XAVAILABLE,ATTACH,NONE,ZERO
NONE,XAVAILABLE,ATTENDEE,NONE,ZERO
NONE,XAVAILABLE,CALSCALE,NONE,ZERO
NONE,XAVAILABLE,CATEGORIES,NONE,ZEROPLUS
NONE,XAVAILABLE,CLASS,NONE,ZERO
NONE,XAVAILABLE,COMMENT,NONE,ZEROPLUS
NONE,XAVAILABLE,COMPLETED,NONE,ZERO
NONE,XAVAILABLE,CONTACT,NONE,ZEROPLUS
NONE,XAVAILABLE,CREATED,NONE,ZEROORONE
NONE,XAVAILABLE,DESCRIPTION,NONE,ZEROORONE
NONE,XAVAILABLE,DTEND,NONE,ONEEXCLUSIVE,no_duration
NONE,XAVAILABLE,DTSTAMP,NONE,ONE
NONE,XAVAILABLE,DTSTART,NONE,ONE
NONE,XAVAILABLE,DUE,NONE,ZERO
NONE,XAVAILABLE,DURATION,NONE,ONEEXCLUSIVE,no_dtend
NONE,XAVAILABLE,EXDATE,NONE,ZEROPLUS
NONE,XAVAILABLE,EXRULE,NONE,ZERO
NONE,XAVAILABLE,FREEBUSY,NONE,ZERO
NONE,XAVAILABLE,GEO,NONE,ZERO
NONE,XAVAILABLE,LASTMODIFIED,NONE,ZEROORONE
NONE,XAVAILABLE,LOCATION,NONE,ZERO
NONE,XAVAILABLE,METHOD,NONE,ZERO
NONE,XAVAILABLE,ORGANIZER,NONE,ZERO
NONE,XAVAILABLE,PERCENTCOMPLETE,NONE,ZERO
NONE,XAVAILABLE,PRIORITY,NONE,ZERO
NONE,XAVAILABLE,PRODID,NONE,ZERO
NONE,XAVAILABLE,RDATE,NONE,ZEROPLUS
NONE,XAVAILABLE,RECURRENCEID,NONE,ZEROORONE,must_be_recurring
NONE,XAVAILABLE,RELATEDTO,NONE,ZERO
NONE,XAVAILABLE,REPEAT,NONE,ZERO
NONE,XAVAILABLE,REQUESTSTATUS,NONE,ZERO
NONE,XAVAILABLE,RESOURCES,NONE,ZERO
NONE,XAVAILABLE,RRULE,NONE,ZEROORONE
NONE,XAVAILABLE,SEQUENCE,NONE,ZERO
NONE,XAVAILABLE,STATUS,NONE,ZERO
NONE,XAVAILABLE,SUMMARY,NONE,ZEROORONE
NONE,XAVAILABLE,TRANSP,NONE,ZERO
NONE,XAVAILABLE,TRIGGER,NONE,ZERO
NONE,XAVAILABLE,TZID,NONE,ZERO
NONE,XAVAILABLE,TZNAME,NONE,ZERO
NONE,XAVAILABLE,TZOFFSETFROM,NONE,ZERO
NONE,XAVAILABLE,TZOFFSETTO,NONE,ZERO
NONE,XAVAILABLE,TZURL,NONE,ZERO
NONE,XAVAILABLE,UID,NONE,ONE
NONE,XAVAILABLE,URL,NONE,ZERO
NONE,XAVAILABLE,VERSION,NONE,ZERO
NONE,XAVAILABLE,X,NONE,ZEROPLUS
PUBLISH,VPOLL,NONE,NONE,ONEPLUS
PUBLISH,VPOLL,DTSTAMP,NONE,ONE
PUBLISH,VPOLL,DTSTART,NONE,ZEROORONE
PUBLISH,VPOLL,ORGANIZER,NONE,ONE
PUBLISH,VPOLL,SUMMARY,NONE,ONE
PUBLISH,VPOLL,UID,NONE,ONE
PUBLISH,VPOLL,SEQUENCE,NONE,ZEROORONE
PUBLISH,VPOLL,ACCEPTRESPONSE,NONE,ZEROORONE
PUBLISH,VPOLL,ATTACH,NONE,ZEROPLUS
PUBLISH,VPOLL,CATEGORIES,NONE,ZEROPLUS #Non-standard
PUBLISH,VPOLL,CLASS,NONE,ZEROORONE
PUBLISH,VPOLL,COMMENT,NONE,ZEROPLUS
PUBLISH,VPOLL,COMPLETED,NONE,ZEROORONE
PUBLISH,VPOLL,CONTACT,NONE,ZEROORONE
PUBLISH,VPOLL,CREATED,NONE,ZEROORONE
PUBLISH,VPOLL,DESCRIPTION,NONE,ZEROORONE
PUBLISH,VPOLL,DTEND,NONE,ONEEXCLUSIVE,no_duration
PUBLISH,VPOLL,DURATION,NONE,ONEEXCLUSIVE,no_dtend
PUBLISH,VPOLL,LASTMODIFIED,NONE,ZEROORONE
PUBLISH,VPOLL,POLLCOMPLETION,NONE,ZEROORONE
PUBLISH,VPOLL,POLLITEMID,NONE,ZERO
PUBLISH,VPOLL,POLLMODE,NONE,ZEROORONE
PUBLISH,VPOLL,POLLPROPERTIES,NONE,ZEROORONE
PUBLISH,VPOLL,PRIORITY,NONE,ZEROORONE
PUBLISH,VPOLL,RELATEDTO,NONE,ZEROPLUS
PUBLISH,VPOLL,RESOURCES,NONE,ZEROPLUS
PUBLISH,VPOLL,STATUS,NONE,ZEROORONE
PUBLISH,VPOLL,URL,NONE,ZEROORONE
PUBLISH,VPOLL,X,NONE,ZEROPLUS
PUBLISH,VPOLL,REQUESTSTATUS,NONE,ZERO
PUBLISH,VPOLL,NONE,VVOTER,ZEROPLUS
PUBLISH,VPOLL,NONE,VALARM,ZEROPLUS
PUBLISH,VPOLL,NONE,VEVENT,ZEROPLUS
PUBLISH,VPOLL,NONE,VFREEBUSY,ZERO
PUBLISH,VPOLL,NONE,VAVAILABILITY,ZERO
PUBLISH,VPOLL,NONE,VJOURNAL,ZEROPLUS
PUBLISH,VPOLL,NONE,VTODO,ZEROPLUS
PUBLISH,VPOLL,NONE,VTIMEZONE,ZEROPLUS,must_if_tz_ref
PUBLISH,VPOLL,NONE,X,ZEROPLUS
REQUEST,VPOLL,NONE,NONE,ONE
REQUEST,VPOLL,DTSTAMP,NONE,ONE
REQUEST,VPOLL,DTSTART,NONE,ZEROORONE
REQUEST,VPOLL,ORGANIZER,NONE,ONE
REQUEST,VPOLL,SEQUENCE,NONE,ZEROORONE
REQUEST,VPOLL,SUMMARY,NONE,ONE
REQUEST,VPOLL,UID,NONE,ONE
REQUEST,VPOLL,ACCEPTRESPONSE,NONE,ZEROORONE
REQUEST,VPOLL,ATTACH,NONE,ZEROPLUS
REQUEST,VPOLL,CATEGORIES,NONE,ZEROPLUS #Non-standard
REQUEST,VPOLL,CLASS,NONE,ZEROORONE
REQUEST,VPOLL,COMMENT,NONE,ZEROPLUS
REQUEST,VPOLL,COMPLETED,NONE,ZEROORONE
REQUEST,VPOLL,CONTACT,NONE,ZEROPLUS
REQUEST,VPOLL,CREATED,NONE,ZEROORONE
REQUEST,VPOLL,DESCRIPTION,NONE,ZEROORONE
REQUEST,VPOLL,DTEND,NONE,ONEEXCLUSIVE,no_duration
REQUEST,VPOLL,DURATION,NONE,ONEEXCLUSIVE,no_dtend
REQUEST,VPOLL,GEO,NONE,ZEROORONE
REQUEST,VPOLL,LASTMODIFIED,NONE,ZEROORONE
REQUEST,VPOLL,LOCATION,NONE,ZEROORONE
REQUEST,VPOLL,POLLCOMPLETION,NONE,ZEROORONE
REQUEST,VPOLL,POLLITEMID,NONE,ZERO
REQUEST,VPOLL,POLLMODE,NONE,ZEROORONE
REQUEST,VPOLL,POLLPROPERTIES,NONE,ZEROORONE
REQUEST,VPOLL,PRIORITY,NONE,ZEROORONE
REQUEST,VPOLL,RELATEDTO,NONE,ZEROPLUS
REQUEST,VPOLL,REQUESTSTATUS,NONE,ZERO
REQUEST,VPOLL,RESOURCES,NONE,ZEROPLUS
REQUEST,VPOLL,STATUS,NONE,ZEROORONE
REQUEST,VPOLL,TRANSP,NONE,ZEROORONE
REQUEST,VPOLL,URL,NONE,ZEROORONE
REQUEST,VPOLL,X,NONE,ZEROPLUS
REQUEST,VPOLL,NONE,VVOTER,ONEPLUS
REQUEST,VPOLL,NONE,VALARM,ZEROPLUS
REQUEST,VPOLL,NONE,VTIMEZONE,ZEROPLUS,must_if_tz_ref
REQUEST,VPOLL,NONE,X,ZEROPLUS
REQUEST,VPOLL,NONE,VEVENT,ZEROPLUS
REQUEST,VPOLL,NONE,VFREEBUSY,ZERO
REQUEST,VPOLL,NONE,VAVAILABILITY,ZERO
REQUEST,VPOLL,NONE,VJOURNAL,ZEROPLUS
REQUEST,VPOLL,NONE,VTODO,ZEROPLUS
REPLY,VPOLL,NONE,NONE,ONEPLUS
REPLY,VPOLL,DTSTAMP,NONE,ONE
REPLY,VPOLL,ORGANIZER,NONE,ONE
REPLY,VPOLL,UID,NONE,ONE
REPLY,VPOLL,SEQUENCE,NONE,ZEROORONE
REPLY,VPOLL,ACCEPTRESPONSE,NONE,ZEROORONE
REPLY,VPOLL,ATTACH,NONE,ZEROPLUS
REPLY,VPOLL,CATEGORIES,NONE,ZEROPLUS #Non-standard
REPLY,VPOLL,CLASS,NONE,ZEROORONE
REPLY,VPOLL,COMMENT,NONE,ZEROPLUS
REPLY,VPOLL,COMPLETED,NONE,ZEROORONE
REPLY,VPOLL,CONTACT,NONE,ZEROPLUS
REPLY,VPOLL,CREATED,NONE,ZEROORONE
REPLY,VPOLL,DESCRIPTION,NONE,ZEROORONE
REPLY,VPOLL,DTEND,NONE,ONEEXCLUSIVE,no_duration
REPLY,VPOLL,DTSTART,NONE,ZEROORONE
REPLY,VPOLL,DURATION,NONE,ONEEXCLUSIVE,no_dtend
REPLY,VPOLL,GEO,NONE,ZEROORONE
REPLY,VPOLL,LASTMODIFIED,NONE,ZEROORONE
REPLY,VPOLL,LOCATION,NONE,ZEROORONE
REPLY,VPOLL,POLLCOMPLETION,NONE,ZERO
REPLY,VPOLL,POLLITEMID,NONE,ONEPLUS
REPLY,VPOLL,POLLMODE,NONE,ZERO
REPLY,VPOLL,POLLPROPERTIES,NONE,ZERO
REPLY,VPOLL,PRIORITY,NONE,ZEROORONE
REPLY,VPOLL,RELATEDTO,NONE,ZEROPLUS
REPLY,VPOLL,RESOURCES,NONE,ZEROPLUS
REPLY,VPOLL,REQUESTSTATUS,NONE,ZEROPLUS
REPLY,VPOLL,STATUS,NONE,ZEROORONE
REPLY,VPOLL,SUMMARY,NONE,ZEROORONE
REPLY,VPOLL,TRANSP,NONE,ZEROORONE
REPLY,VPOLL,URL,NONE,ZEROORONE
REPLY,VPOLL,X,NONE,ZEROPLUS
REPLY,VPOLL,NONE,VVOTER,ONE
REPLY,VPOLL,NONE,VALARM,ZERO
REPLY,VPOLL,NONE,VTIMEZONE,ZEROORONE,must_if_tz_ref
REPLY,VPOLL,NONE,X,ZEROPLUS
REPLY,VPOLL,NONE,VEVENT,ZERO
REPLY,VPOLL,NONE,VFREEBUSY,ZERO
REPLY,VPOLL,NONE,VAVAILABILITY,ZERO
REPLY,VPOLL,NONE,VJOURNAL,ZERO
REPLY,VPOLL,NONE,VTODO,ZERO
CANCEL,VPOLL,NONE,NONE,ONEPLUS
CANCEL,VPOLL,UID,NONE,ONE
CANCEL,VPOLL,DTSTAMP,NONE,ONE
CANCEL,VPOLL,ORGANIZER,NONE,ONE
CANCEL,VPOLL,SEQUENCE,NONE,ONE
CANCEL,VPOLL,ATTACH,NONE,ZEROPLUS
CANCEL,VPOLL,ACCEPTRESPONSE,NONE,ZEROORONE
CANCEL,VPOLL,COMMENT,NONE,ZEROPLUS
CANCEL,VPOLL,COMPLETED,NONE,ZEROORONE
CANCEL,VPOLL,CATEGORIES,NONE,ZEROPLUS #Non-standard
CANCEL,VPOLL,CLASS,NONE,ZEROORONE
CANCEL,VPOLL,CONTACT,NONE,ZEROPLUS
CANCEL,VPOLL,CREATED,NONE,ZEROORONE
CANCEL,VPOLL,DESCRIPTION,NONE,ZEROORONE
CANCEL,VPOLL,DTEND,NONE,ONEEXCLUSIVE,no_duration
CANCEL,VPOLL,DTSTART,NONE,ZEROORONE
CANCEL,VPOLL,DURATION,NONE,ONEEXCLUSIVE,no_dtend
CANCEL,VPOLL,GEO,NONE,ZEROORONE
CANCEL,VPOLL,LASTMODIFIED,NONE,ZEROORONE
CANCEL,VPOLL,LOCATION,NONE,ZEROORONE
CANCEL,VPOLL,POLLCOMPLETION,NONE,ZERO
CANCEL,VPOLL,POLLITEMID,NONE,ZERO
CANCEL,VPOLL,POLLMODE,NONE,ZERO
CANCEL,VPOLL,POLLPROPERTIES,NONE,ZERO
CANCEL,VPOLL,PRIORITY,NONE,ZEROORONE
CANCEL,VPOLL,RELATEDTO,NONE,ZEROPLUS
CANCEL,VPOLL,RESOURCES,NONE,ZEROPLUS
CANCEL,VPOLL,STATUS,NONE,ZEROORONE,must_be_cancel_if_present
CANCEL,VPOLL,SUMMARY,NONE,ONE
CANCEL,VPOLL,TRANSP,NONE,ZEROORONE
CANCEL,VPOLL,URL,NONE,ZEROORONE
CANCEL,VPOLL,X,NONE,ZEROPLUS
CANCEL,VPOLL,REQUESTSTATUS,NONE,ZERO
CANCEL,VPOLL,NONE,VVOTER,ZEROPLUS
CANCEL,VPOLL,NONE,VALARM,ZERO
CANCEL,VPOLL,NONE,VTIMEZONE,ZEROPLUS,must_if_tz_ref
CANCEL,VPOLL,NONE,X,ZEROPLUS
CANCEL,VPOLL,NONE,VEVENT,ZERO
CANCEL,VPOLL,NONE,VFREEBUSY,ZERO
CANCEL,VPOLL,NONE,VAVAILABILITY,ZERO
CANCEL,VPOLL,NONE,VJOURNAL,ZERO
CANCEL,VPOLL,NONE,VTODO,ZERO
REFRESH,VPOLL,NONE,NONE,ONE
REFRESH,VPOLL,DTSTAMP,NONE,ONE
REFRESH,VPOLL,ORGANIZER,NONE,ONE
REFRESH,VPOLL,UID,NONE,ONE
REFRESH,VPOLL,COMMENT,NONE,ZEROPLUS
REFRESH,VPOLL,COMPLETED,NONE,ZERO
REFRESH,VPOLL,X,NONE,ZEROPLUS
REFRESH,VPOLL,ACCEPTRESPONSE,NONE,ZERO
REFRESH,VPOLL,ATTACH,NONE,ZERO
REFRESH,VPOLL,CATEGORIES,NONE,ZERO #Non-standard
REFRESH,VPOLL,CLASS,NONE,ZERO
REFRESH,VPOLL,CONTACT,NONE,ZERO
REFRESH,VPOLL,CREATED,NONE,ZERO
REFRESH,VPOLL,DESCRIPTION,NONE,ZERO
REFRESH,VPOLL,DTEND,NONE,ZERO
REFRESH,VPOLL,DTSTART,NONE,ZERO
REFRESH,VPOLL,DURATION,NONE,ZERO
REFRESH,VPOLL,GEO,NONE,ZERO
REFRESH,VPOLL,LASTMODIFIED,NONE,ZERO
REFRESH,VPOLL,LOCATION,NONE,ZERO
REFRESH,VPOLL,POLLCOMPLETION,NONE,ZERO
REFRESH,VPOLL,POLLITEMID,NONE,ZERO
REFRESH,VPOLL,POLLMODE,NONE,ZERO
REFRESH,VPOLL,POLLPROPERTIES,NONE,ZERO
REFRESH,VPOLL,PRIORITY,NONE,ZERO
REFRESH,VPOLL,RELATEDTO,NONE,ZERO
REFRESH,VPOLL,REQUESTSTATUS,NONE,ZERO
REFRESH,VPOLL,RESOURCES,NONE,ZERO
REFRESH,VPOLL,SEQUENCE,NONE,ZERO
REFRESH,VPOLL,STATUS,NONE,ZERO
REFRESH,VPOLL,SUMMARY,NONE,ZERO
REFRESH,VPOLL,URL,NONE,ZERO
REFRESH,VPOLL,NONE,VVOTER,ONE
REFRESH,VPOLL,NONE,VALARM,ZERO
REFRESH,VPOLL,NONE,VTIMEZONE,ZEROPLUS,must_if_tz_ref
REFRESH,VPOLL,NONE,X,ZEROPLUS
REFRESH,VPOLL,NONE,VTODO,ZERO
REFRESH,VPOLL,NONE,VJOURNAL,ZERO
REFRESH,VPOLL,NONE,VEVENT,ZERO
REFRESH,VPOLL,NONE,VFREEBUSY,ZERO
REFRESH,VPOLL,NONE,VAVAILABILITY,ZERO
POLLSTATUS,VPOLL,NONE,NONE,ONEPLUS
POLLSTATUS,VPOLL,COMPLETED,NONE,ZEROORONE
POLLSTATUS,VPOLL,DTSTAMP,NONE,ONE
POLLSTATUS,VPOLL,DTSTART,NONE,ZEROORONE
POLLSTATUS,VPOLL,ORGANIZER,NONE,ONE
POLLSTATUS,VPOLL,SUMMARY,NONE,ONE
POLLSTATUS,VPOLL,UID,NONE,ONE
POLLSTATUS,VPOLL,SEQUENCE,NONE,ZEROORONE
POLLSTATUS,VPOLL,ACCEPTRESPONSE,NONE,ZERO
POLLSTATUS,VPOLL,ATTACH,NONE,ZERO
POLLSTATUS,VPOLL,CATEGORIES,NONE,ZERO
POLLSTATUS,VPOLL,CLASS,NONE,ZERO
POLLSTATUS,VPOLL,COMMENT,NONE,ZEROPLUS
POLLSTATUS,VPOLL,CONTACT,NONE,ZERO
POLLSTATUS,VPOLL,CREATED,NONE,ZEROORONE
POLLSTATUS,VPOLL,DESCRIPTION,NONE,ZEROORONE
POLLSTATUS,VPOLL,DTEND,NONE,ONEEXCLUSIVE,no_duration
POLLSTATUS,VPOLL,DURATION,NONE,ONEEXCLUSIVE,no_dtend
POLLSTATUS,VPOLL,LASTMODIFIED,NONE,ZEROORONE
POLLSTATUS,VPOLL,POLLCOMPLETION,NONE,ZERO
POLLSTATUS,VPOLL,POLLITEMID,NONE,ZERO
POLLSTATUS,VPOLL,POLLMODE,NONE,ZEROORONE
POLLSTATUS,VPOLL,POLLPROPERTIES,NONE,ZERO
POLLSTATUS,VPOLL,PRIORITY,NONE,ZEROORONE
POLLSTATUS,VPOLL,RELATEDTO,NONE,ZEROPLUS
POLLSTATUS,VPOLL,RESOURCES,NONE,ZEROPLUS
POLLSTATUS,VPOLL,STATUS,NONE,ZEROORONE
POLLSTATUS,VPOLL,URL,NONE,ZEROORONE
POLLSTATUS,VPOLL,X,NONE,ZEROPLUS
POLLSTATUS,VPOLL,REQUESTSTATUS,NONE,ZERO
POLLSTATUS,VPOLL,NONE,VVOTER,ONEPLUS
POLLSTATUS,VPOLL,NONE,VALARM,ZEROPLUS
POLLSTATUS,VPOLL,NONE,VEVENT,ZEROPLUS
POLLSTATUS,VPOLL,NONE,VFREEBUSY,ZERO
POLLSTATUS,VPOLL,NONE,VAVAILABILITY,ZERO
POLLSTATUS,VPOLL,NONE,VJOURNAL,ZEROPLUS
POLLSTATUS,VPOLL,NONE,VTODO,ZEROPLUS
POLLSTATUS,VPOLL,NONE,VTIMEZONE,ZEROPLUS,must_if_tz_ref
POLLSTATUS,VPOLL,NONE,X,ZEROPLUS
NONE,VPOLL,DTSTAMP,NONE,ONE
NONE,VPOLL,UID,NONE,ONE
NONE,VPOLL,ORGANIZER,NONE,ONE
NONE,VPOLL,ACCEPTRESPONSE,NONE,ZEROORONE
NONE,VPOLL,CLASS,NONE,ZEROORONE
NONE,VPOLL,CREATED,NONE,ZEROORONE
NONE,VPOLL,COMPLETED,NONE,ZEROORONE
NONE,VPOLL,DESCRIPTION,NONE,ZEROORONE
NONE,VPOLL,DTSTART,NONE,ZEROORONE
NONE,VPOLL,LASTMODIFIED,NONE,ZEROORONE
NONE,VPOLL,POLLCOMPLETION,NONE,ZEROORONE
NONE,VPOLL,POLLMODE,NONE,ZEROORONE
NONE,VPOLL,POLLPROPERTIES,NONE,ZEROORONE
NONE,VPOLL,PRIORITY,NONE,ZEROORONE
NONE,VPOLL,SEQUENCE,NONE,ZEROORONE
NONE,VPOLL,STATUS,NONE,ZEROORONE
NONE,VPOLL,SUMMARY,NONE,ZEROORONE
NONE,VPOLL,URL,NONE,ZEROORONE
NONE,VPOLL,DTEND,NONE,ONEEXCLUSIVE,no_duration
NONE,VPOLL,DURATION,NONE,ONEEXCLUSIVE,no_dtend
NONE,VPOLL,ATTACH,NONE,ZEROPLUS
NONE,VPOLL,CATEGORIES,NONE,ZEROPLUS #Non-standard
NONE,VPOLL,COMMENT,NONE,ZEROPLUS
NONE,VPOLL,CONTACT,NONE,ZEROPLUS
NONE,VPOLL,REQUESTSTATUS,NONE,ZEROPLUS
NONE,VPOLL,RELATEDTO,NONE,ZEROPLUS
NONE,VPOLL,RESOURCES,NONE,ZEROPLUS
NONE,VPOLL,X,NONE,ZEROPLUS
NONE,VPOLL,POLLWINNER,NONE,ZEROORONE
NONE,VPOLL,NONE,VALARM,ZEROPLUS
NONE,VPOLL,NONE,VTIMEZONE,ZEROPLUS,must_if_tz_ref
NONE,VPOLL,NONE,X,ZEROPLUS
NONE,VPOLL,NONE,VEVENT,ZEROPLUS,
NONE,VPOLL,NONE,VFREEBUSY,ZEROPLUS
NONE,VPOLL,NONE,VAVAILABILITY,ZEROPLUS
NONE,VPOLL,NONE,VJOURNAL,ZEROPLUS
NONE,VPOLL,NONE,VTODO,ZEROPLUS
NONE,VPOLL,NONE,VVOTER,ZEROPLUS
NONE,VVOTER,DTSTAMP,NONE,ONE
NONE,VVOTER,VOTER,NONE,ONE
NONE,VVOTER,CREATED,NONE,ZEROORONE
NONE,VVOTER,DESCRIPTION,NONE,ZEROORONE
NONE,VVOTER,LASTMODIFIED,NONE,ZEROORONE
NONE,VVOTER,SEQUENCE,NONE,ZEROORONE
NONE,VVOTER,STATUS,NONE,ZEROORONE
NONE,VVOTER,SUMMARY,NONE,ZEROORONE
NONE,VVOTER,URL,NONE,ZEROORONE
NONE,VVOTER,ATTACH,NONE,ZEROPLUS
NONE,VVOTER,CATEGORIES,NONE,ZEROPLUS
NONE,VVOTER,COMMENT,NONE,ZEROPLUS
NONE,VVOTER,CONTACT,NONE,ZEROPLUS
NONE,VVOTER,REQUESTSTATUS,NONE,ZEROPLUS
NONE,VVOTER,RELATEDTO,NONE,ZEROPLUS
NONE,VVOTER,RESOURCES,NONE,ZEROPLUS
NONE,VVOTER,X,NONE,ZEROPLUS
NONE,VVOTER,NONE,VALARM,ZERO
NONE,VVOTER,NONE,VTIMEZONE,ZERO
NONE,VVOTER,NONE,VEVENT,ZERO
NONE,VVOTER,NONE,VFREEBUSY,ZERO
NONE,VVOTER,NONE,VAVAILABILITY,ZERO
NONE,VVOTER,NONE,VJOURNAL,ZERO
NONE,VVOTER,NONE,VTODO,ZERO
NONE,VVOTER,NONE,XVOTE,ZEROPLUS
NONE,VVOTER,NONE,X,ZEROPLUS
NONE,XVOTE,POLLITEMID,NONE,ZEROORONE
NONE,XVOTE,RESPONSE,NONE,ZEROORONE
NONE,XVOTE,COMMENT,NONE,ZEROPLUS
NONE,XVOTE,X,NONE,ZEROPLUS
NONE,XVOTE,NONE,VALARM,ZEROP
NONE,XVOTE,NONE,VTIMEZONE,ZERO
NONE,XVOTE,NONE,VEVENT,ZERO
NONE,XVOTE,NONE,VFREEBUSY,ZERO
NONE,XVOTE,NONE,VAVAILABILITY,ZERO
NONE,XVOTE,NONE,VJOURNAL,ZERO
NONE,XVOTE,NONE,VTODO,ZERO
NONE,XVOTE,NONE,VVOTER,ZERO
NONE,XVOTE,NONE,X,ZEROPLUS
